Name,Symbol,Price (USD),Volume (USD),Market capacity (USD),Change (1h),Change (24h),Change (7d)
Bitcoin,BTC,10961.3,8402010000.0,1.85191711565e+11,,,
Ethereum,ETH,865.74,1967880000.0,84785572947.6,,,
Ripple,XRP,0.908428,452229000.0,35514812965.7,,,
Bitcoin Cash,BCH,1269.22,459153000.0,21570853992.2,,,
Litecoin,LTC,205.68,661245000.0,11403780158.9,,,
NEO,NEO,126.741,197022000.0,8238165000.0,,,
Cardano,ADA,0.291246,146300000.0,7551155585.91,,,
Stellar,XLM,0.322761,43596200.0,5960784114.92,,,
EOS,EOS,8.31295,197245000.0,5836667536.67,,,
IOTA,MIOTA,1.93177,34404200.0,5369413214.79,,,
Monero,XMR,317.48,97777800.0,5009511948.62,,,
Dash,DASH,606.597,104647000.0,4801217319.41,,,
NEM,XEM,0.405751,19413200.0,3651758999.59,,,
TRON,TRX,0.0510302,552939000.0,3355143411.66,,,
Ethereum Classic,ETC,32.0045,505328000.0,3207634882.23,,,
VeChain,VEN,4.76431,88106400.0,2259614711.37,,,
Tether,USDT,1.00052,2331460000.0,2218293726.74,,,
Nano,NANO,16.2764,143262000.0,2168802454.63,,,
Lisk,LSK,19.381,69302100.0,1984374137.65,,,
Qtum,QTUM,25.9541,110131000.0,1918501325.53,,,
Bitcoin Gold,BTG,111.994,33669700.0,1887721708.6,,,
OmiseGO,OMG,18.3721,62731000.0,1874735965.25,,,
ICON,ICX,3.63381,21372500.0,1402528433.17,,,
Zcash,ZEC,385.748,54271100.0,1307972620.08,,,
DigixDAO,DGD,513.811,74604900.0,1027622000.0,,,
Binance Coin,BNB,10.2346,60171300.0,1013368684.4,,,
Verge,XVG,0.0602905,105692000.0,883769325.063,,,
Steem,STEEM,3.29087,8122520.0,825426624.415,,,
Populous,PPT,22.2669,14477100.0,823964966.455,,,
Bytecoin,BCN,0.00440331,5994230.0,809145082.706,,,
Stratis,STRAT,7.56459,7728770.0,747084394.463,,,
Siacoin,SC,0.0208813,30938900.0,685498159.202,,,
Dogecoin,DOGE,0.00589332,16147500.0,668416788.972,,,
Waves,WAVES,6.58216,23353400.0,658216000.0,,,
RChain,RHOC,1.7862,927027.0,641958980.361,,,
Maker,MKR,1007.47,1350400.0,622845931.548,,,
BitShares,BTS,0.233527,16723400.0,609447088.25,,,
Aeternity,AE,2.34063,3423380.0,545414707.644,,,
Decred,DCR,78.4356,1972810.0,537670919.51,,,
Status,SNT,0.154084,23237300.0,534746023.99,,,
Augur,REP,45.5786,3537600.0,501364600.0,,,
Waltonchain,WTC,20.0567,22876300.0,499375286.693,,,
0x,ZRX,0.947352,8684000.0,488857751.289,,,
Electroneum,ETN,0.071446,2128350.0,450524725.457,,,
Komodo,KMD,3.99149,4858870.0,414520989.374,,,
Veritaseum,VERI,202.018,519350.0,411439038.498,,,
Hshare,HSR,9.6014,28819400.0,409858692.069,,,
Basic Attenti...,BAT,0.394893,14276300.0,394893000.0,,,
KuCoin Shares,KCS,4.23733,746524.0,385779557.227,,,
Gas,GAS,38.9867,3176230.0,383391518.547,,,
Ardor,ARDR,0.377582,4065960.0,377204227.321,,,
Ark,ARK,3.69393,3041320.0,372969721.601,,,
Bytom,BTM,0.375659,13483600.0,370775433.0,,,
Revain,R,2.0009,15799700.0,369066005.0,,,
DigiByte,DGB,0.0362467,7837240.0,359378858.672,,,
Cryptonex,CNX,7.66194,234489.0,345881445.557,,,
Golem,GNT,0.409693,15251000.0,341791301.566,,,
Syscoin,SYS,0.629586,2518700.0,334503888.205,,,
PIVX,PIVX,5.87066,2567020.0,326876841.089,,,
Dragonchain,DRGN,1.36278,2778660.0,324916651.393,,,
Zilliqa,ZIL,0.0487152,8519440.0,319523151.636,,,
MonaCoin,MONA,5.4624,2299210.0,315620202.618,,,
Ethos,ETHOS,4.12539,2196110.0,312737231.535,,,
Aion,AION,3.18353,8725520.0,306110108.013,,,
Factom,FCT,34.8653,5564510.0,304900604.761,,,
Loopring,LRC,0.533474,3700380.0,301354493.619,,,
Nebulas,NAS,8.14609,7307040.0,289186195.0,,,
aelf,ELF,1.15612,13365700.0,289030000.0,,,
QASH,QASH,0.809693,3213070.0,283392550.0,,,
FunFair,FUN,0.0625035,13739900.0,281496312.202,,,
Byteball Bytes,GBYTE,434.446,2321540.0,280314140.011,,,
ReddCoin,RDD,0.00872395,29030700.0,251014781.837,,,
Kyber Network,KNC,1.8439,4253660.0,247327279.869,,,
GXShares,GXS,4.06243,5349580.0,243745800.0,,,
Dent,DENT,0.0229492,3781900.0,243600272.25,,,
ZCoin,XZC,57.0571,5520640.0,240640963.093,,,
Nexus,NXS,4.25264,223818000.0,237757034.175,,,
Polymath,POLY,0.986034,2783420.0,236224411.889,,,
IOStoken,IOST,0.0347228,31126500.0,235910519.989,,,
Particl,PART,26.4708,11005400.0,235153056.487,,,
Bitcore,BTX,19.4902,1672320.0,229552949.465,,,
ChainLink,LINK,0.655273,4200810.0,229345550.0,,,
Dentacoin,DCN,0.000700378,268179.0,227781564.826,,,
SALT,SALT,4.18652,10859100.0,226651208.945,,,
Kin,KIN,0.000292929,630294.0,221482902.439,,,
Power Ledger,POWR,0.550046,4117170.0,200179695.058,,,
Bancor,BNT,5.01575,7960040.0,197640381.409,,,
Neblio,NEBL,15.0596,6920680.0,193744815.144,,,
Nxt,NXT,0.193872,5635060.0,193678116.66,,,
Enigma,ENG,2.57017,7652370.0,192341681.85,,,
Request Network,REQ,0.299175,3743150.0,191909623.791,,,
Blocknet,BLOCK,36.5503,3031440.0,184091770.355,,,
SmartCash,SMART,0.23723,239258.0,178623110.213,,,
SingularityNET,AGI,0.386082,2338510.0,177811139.18,,,
MaidSafeCoin,MAID,0.382336,3537910.0,173027078.994,,,
TenX,PAY,1.65142,8914050.0,172839780.56,,,
Pillar,PLR,0.73649,467206.0,167466631.352,,,
Vertcoin,VTC,3.87303,1778860.0,167151163.657,,,
Cindicator,CND,0.112977,3844450.0,163362097.245,,,
Iconomi,ICN,1.58747,6409880.0,158327410.856,,,
Gnosis,GNO,142.354,1058350.0,157242804.86,,,
SuperNET,UNITY,182.89,22427.7,149249355.78,,,
GameCredits,GAME,2.29344,7511960.0,147595138.491,,,
Quantstamp,QSP,0.238297,3741510.0,147104114.964,,,
WAX,WAX,0.292715,8440490.0,144295187.401,,,
Emercoin,EMC,3.47443,761382.0,143866099.864,,,
Enjin Coin,ENJ,0.184692,3355330.0,139662711.686,,,
Santiment Net...,SAN,2.19094,5335740.0,137285113.144,,,
Ignis,IGNIS,0.176486,20368500.0,134331251.16,,,
Raiden Networ...,RDN,2.67669,5468860.0,134286689.302,,,
BitcoinDark,BTCD,102.705,28295.0,132372590.616,,,
Substratum,SUB,0.581512,2169540.0,131474890.621,,,
Po.et,POE,0.0576116,4707880.0,128866431.656,,,
Time New Bank,TNB,0.0565347,7874540.0,127859961.981,,,
ZenCash,ZEN,37.8774,2625640.0,126048885.188,,,
DigitalNote,XDN,0.0182122,10648800.0,125601383.558,,,
SaluS,SLS,123.226,201488000.0,124455932.992,,,
Civic,CVC,0.356135,8388350.0,122047452.391,,,
Storj,STORJ,0.904954,4279690.0,120743933.221,,,
NAV Coin,NAV,1.89291,3423320.0,118323855.013,,,
Storm,STORM,0.02868,832342.0,117149393.412,,,
Decentraland,MANA,0.110691,9231540.0,116241213.82,,,
Ubiq,UBQ,2.83797,2283340.0,112974980.413,,,
Skycoin,SKY,14.7491,745424.0,112938194.935,,,
Genesis Vision,GVT,30.2574,9113330.0,112762700.403,,,
iExec RLC,RLC,1.40252,4337130.0,112300888.933,,,
Dynamic Tradi...,DTR,0.093484,151413.0,110901092.382,,,
Achain,ACT,0.360069,6156350.0,108020700.0,,,
Aragon,ANT,4.04465,2709640.0,107970179.236,,,
XPA,XPA,0.107928,317156.0,107928000.0,,,
Pura,PURA,0.617056,204521.0,106718297.867,,,
Monaco,MCO,8.01174,4598100.0,105719253.385,,,
BLOCKv,VEE,0.0702507,5361560.0,105022773.905,,,
Theta Token,THETA,0.180113,37554500.0,104990851.272,,,
High Performa...,HPB,4.6827,4093070.0,104033672.82,,,
BridgeCoin,BCO,3.83151,174486.0,103450770.0,,,
Oyster,PRL,1.43835,1389610.0,102506783.329,,,
MediShares,MDS,0.207982,4762200.0,100561763.046,,,
ETHLend,LEND,0.0930017,4707950.0,100100459.777,,,
MediBloc,MED,0.033404,2095470.0,99089094.4764,,,
SophiaTX,SPHTX,0.512692,421756.0,98310573.078,,,
Metal,MTL,5.05064,10355800.0,97482372.3362,,,
Red Pulse,RPX,0.177051,3580430.0,96200395.2735,,,
Experience Po...,XP,0.000438645,539914.0,95043651.1337,,,
DEW,DEW,0.918648,156856.0,94845402.0894,,,
Asch,XAS,0.991813,1770010.0,92334387.3896,,,
AdEx,ADX,1.242,18493700.0,91200930.642,,,
Bluzelle,BLZ,0.531722,7558230.0,87734130.0,,,
ION,ION,4.36092,107113000.0,87586029.9143,,,
IoT Chain,ITC,1.87682,7009750.0,86497736.2382,,,
Telcoin,TEL,0.00323312,523239.0,86057238.9718,,,
Quantum Resis...,QRL,1.62876,20231700.0,84695520.0,,,
PayPie,PPP,0.997051,175113.0,82256707.5,,,
Ink,INK,0.174948,24681200.0,81160218.8636,,,
MinexCoin,MNX,23.5973,144845.0,80698259.41,,,
SONM,SNM,0.22001,1037330.0,79115596.0,,,
BitBay,BAY,0.0781096,8433710.0,78896701.5492,,,
VIBE,VIBE,0.394154,3416320.0,78794765.2825,,,
CRYPTO20,C20,1.99107,3248330.0,78562336.6183,,,
Ambrosus,AMB,0.541292,1226030.0,78265938.0397,,,
CloakCoin,CLOAK,15.2107,3330150.0,77548109.6203,,,
Bibox Token,BIX,0.734874,14859300.0,77439600.9095,,,
Eidoo,EDO,2.63357,1430180.0,77062106.5768,,,
Edgeless,EDG,0.934686,1238740.0,76687505.5293,,,
DATA,DTA,0.0180118,5820200.0,76628263.0951,,,
LBRY Credits,LBC,0.497863,10552900.0,75450240.0037,,,
Peercoin,PPC,3.03828,649072.0,74853405.3331,,,
Wings,WINGS,0.827068,20573900.0,74194891.5576,,,
Jibrel Network,JNT,0.486102,7436880.0,72915300.0,,,
Burst,BURST,0.0401385,3190410.0,72262939.7848,,,
Ripio Credit ...,RCN,0.146101,13392200.0,71404381.3118,,,
SingularDTV,SNGLS,0.118936,1962420.0,71361600.0,,,
DeepBrain Chain,DBC,0.0782545,1677700.0,70429050.0,,,
Wagerr,WGR,0.384135,149194.0,70296705.0,,,
Cobinhood,COB,0.194011,326983.0,69492500.7326,,,
AirSwap,AST,0.462578,3071600.0,69386700.0,,,
Simple Token,OST,0.253984,2802720.0,69309551.2758,,,
AppCoins,APPC,0.69145,3872030.0,69182553.9252,,,
XTRABYTES,XBY,0.159746,94424.4,68690780.0,,,
SpankChain,SPANK,0.22614,685879.0,67851811.31,,,
Nuls,NULS,2.87908,2928110.0,67845181.3323,,,
Melon,MLN,113.137,287780.0,67814317.8,,,
HTMLCOIN,HTML,0.00100334,159664.0,65749314.8025,,,
WePower,WPR,0.182811,6180580.0,65025097.585,,,
Gifto,GTO,0.40599,9327430.0,64090119.962,,,
Metaverse ETP,ETP,1.69923,2036330.0,63671894.1506,,,
INS Ecosystem,INS,2.24735,10330400.0,63110581.0882,,,
Einsteinium,EMC2,0.287417,1777740.0,62242096.0134,,,
WaBi,WABI,1.36589,1314400.0,61803835.5362,,,
CyberMiles,CMT,0.138722,5474700.0,61758723.5118,,,
Viacoin,VIA,2.68395,4971220.0,61707903.0662,,,
Bread,BRD,0.823807,5163680.0,61281684.3859,,,
Streamr DATAcoin,DATA,0.089216,321911.0,60413017.121,,,
UTRUST,UTK,0.208787,1581590.0,59481778.5643,,,
Trinity Netwo...,TNC,0.173175,4394640.0,57724999.9423,,,
Counterparty,XCP,21.9448,555191.0,57431791.7886,,,
Agoras Tokens,AGRS,1.36318,2984310.0,57241284.5641,,,
Etherparty,FUEL,0.117879,928339.0,57189144.4998,,,
Gulden,NLG,0.145318,117651.0,57119434.2018,,,
Delphy,DPY,1.8157,4314710.0,57043254.2876,,,
SIRIN LABS Token,SRN,0.571979,19960000.0,56591292.8874,,,
MobileGo,MGO,0.569754,272262.0,55852344.7863,,,
Modum,MOD,3.01259,1223170.0,55028571.458,,,
CPChain,CPC,0.239988,2426770.0,54409083.9539,,,
NAGA,NGC,0.94092,291766.0,54265056.271,,,
TaaS,TAAS,6.49732,289697.0,52927173.784,,,
Aeon,AEON,3.40073,66423.4,52879467.3638,,,
Rise,RISE,0.436197,3868.41,52846442.2798,,,
CoinDash,CDT,0.0803349,2081810.0,52713595.4844,,,
Bottos,BTO,0.146296,1158080.0,51996457.9397,,,
U.CASH,UCASH,0.0281496,48696.2,51926960.241,,,
QLINK,QLC,0.215315,606717.0,51675600.0,,,
Crown,CRW,2.94551,54633.9,51320297.9231,,,
OriginTrail,TRAC,0.199844,829966.0,50861817.9333,,,
district0x,DNT,0.08469,8260560.0,50814000.0,,,
Tierion,TNT,0.114435,2709780.0,49033254.0752,,,
ECC,ECC,0.00196026,101890.0,49006500.0,,,
Lunyr,LUN,21.1324,6600810.0,48559150.3968,,,
adToken,ADT,0.0792193,13044400.0,47531580.0,,,
Shift,SHIFT,4.02438,3678550.0,47382092.72,,,
Triggers,TRIG,1.46492,1097760.0,47032102.6064,,,
Centra,CTR,0.68467,1833400.0,46557560.0,,,
BlockMason Cr...,BCPT,1.02984,26879400.0,46513959.408,,,
Unikoin Gold,UKG,0.328181,2684980.0,46093285.4224,,,
DECENT,DCT,0.897822,4541740.0,46063735.4382,,,
Groestlcoin,GRS,0.638968,858636.0,44431246.1887,,,
Feathercoin,FTC,0.229534,1716470.0,44381987.2753,,,
Humaniq,HMQ,0.268396,9511620.0,43711762.7274,,,
Viberate,VIB,0.263734,36699100.0,43534958.3916,,,
Medicalchain,MTN,0.234781,12316000.0,43434485.0,,,
STK,STK,0.130314,3528690.0,43345171.2389,,,
Safe Exchange...,SAFEX,0.0280176,12693.0,43235572.0936,,,
indaHash,IDH,0.105162,93860.9,42058096.8205,,,
Decision Token,HST,1.3339,240464.0,41929944.4904,,,
SIBCoin,SIB,2.48505,6057810.0,40847566.4642,,,
ATMChain,ATM,0.0087073,27693.4,40578503.5841,,,
COSS,COSS,0.618495,1557840.0,40120881.1665,,,
Pepe Cash,PEPECASH,0.0565462,159472.0,39688873.5497,,,
Bean Cash,BITB,0.0165738,18455500.0,39599316.2736,,,
Hive Project,HVN,0.105197,150636.0,39448875.0,,,
DeepOnion,ONION,3.67559,156631.0,39249557.3163,,,
Namecoin,NMC,2.64836,103338.0,39027292.304,,,
TokenCard,TKN,1.55391,182859.0,38495589.704,,,
Lykke,LKK,0.139426,61690.6,38190931.5232,,,
SunContract,SNC,0.332256,6242350.0,38166172.6782,,,
Diamond,DMD,14.0296,86176.0,37479475.5932,,,
PotCoin,POT,0.170608,211677.0,37442420.0946,,,
Everex,EVX,2.26729,3041760.0,37410285.0,,,
Dimecoin,DIME,6.93236e-05,53076.9,37372126.8039,,,
All Sports,SOC,0.0847395,4235810.0,37281268.4138,,,
Datum,DAT,0.0448119,2137130.0,37253725.3086,,,
Presearch,PRE,0.239953,31518.3,37192715.0,,,
ZClassic,ZCL,10.8512,18763700.0,37190860.32,,,
Nimiq,NET,3.51157,256101.0,36871485.0,,,
Cappasity,CAPP,0.109456,170320.0,36229068.9399,,,
I/O Coin,IOC,2.18281,123402.0,36160338.726,,,
bitCNY,BITCNY,0.158581,33539800.0,35648691.638,,,
Swarm,SWM,0.695147,9364.5,35531295.5616,,,
Steem Dollars,SBD,3.55384,8296010.0,35327695.3212,,,
Spectre.ai Di...,SXDT,0.426261,76461.9,34984740.1224,,,
Cofound.it,CFI,0.106952,4168180.0,34759400.0,,,
Voxels,VOX,0.161772,27589600.0,33972120.0,,,
Mercury,MER,0.336762,2108310.0,33676200.0,,,
Matchpool,GUP,0.448341,39142200.0,33625575.0,,,
Internet Node...,INT,0.222743,2860680.0,33411450.0,,,
Mintcoin,MINT,0.00133728,470207.0,33361472.9333,,,
NoLimitCoin,NLC2,0.162047,240646.0,33317402.7746,,,
Synereo,AMP,0.397203,2090600.0,32672458.6618,,,
WhiteCoin,XWC,0.131229,64640.3,32644267.4129,,,
Flash,FLASH,0.0355386,44311.0,31984740.0,,,
Aeron,ARN,2.41604,5899760.0,31408520.0,,,
Unobtanium,UNO,158.169,224953.0,31363296.4531,,,
YOYOW,YOYOW,0.127396,1110640.0,31136744.1379,,,
Monetha,MTH,0.143093,641637.0,31054461.5258,,,
Zeusshield,ZSC,0.0266255,630364.0,30703748.2035,,,
Odyssey,OCN,0.01527,18116900.0,30540000.0,,,
WeTrust,TRST,0.33061,281625.0,30464884.975,,,
Grid+,GRID,0.776312,25980.5,30459758.8012,,,
Elastic,XEL,0.339016,1551420.0,30365704.819,,,
Zeepin,ZPT,0.129128,1863940.0,30288915.0016,,,
SwissBorg,CHSB,0.0525916,430895.0,30283354.6919,,,
Soarcoin,SOAR,0.0305285,48825.2,30167702.3128,,,
Maecenas,ART,0.992237,739.598,29916094.532,,,
ColossusCoinXT,COLX,0.00278032,59874.1,29818206.1245,,,
Lamden,TAU,0.209614,250508.0,29810407.6488,,,
Mooncoin,MOON,0.000132799,17503.2,29700703.0701,,,
SwftCoin,SWFTC,0.0168034,14684300.0,29405950.0,,,
Numeraire,NMR,22.7399,1229450.0,29312570.3694,,,
Energo,TSL,0.0501228,965143.0,29172924.5897,,,
Expanse,EXP,3.66866,22537300.0,29005880.6966,,,
LEOcoin,LEO,0.293045,6526.05,28964144.399,,,
Blockport,BPT,0.554914,423459.0,28844947.7042,,,
Agrello,DLT,0.334153,939981.0,28730098.3496,,,
EncrypGen,DNA,0.45669,827288.0,28389423.2781,,,
Qbao,QBT,0.433571,1827490.0,28334473.1501,,,
HempCoin,THC,0.122776,451328.0,28297260.2086,,,
BitConnect,BCC,3.03246,113784.0,28078202.9543,,,
BlackCoin,BLK,0.362305,1615080.0,27787856.1781,,,
FirstBlood,1ST,0.324345,2361110.0,27750429.6798,,,
VeriCoin,VRC,0.896929,5911310.0,27654031.7154,,,
Mothership,MSP,0.189534,213379.0,26534760.0,,,
Selfkey,KEY,0.0139646,819684.0,26321645.3923,,,
CanYaCoin,CAN,0.698298,462615.0,26186719.7357,,,
Trade Token,TIO,0.310584,651788.0,26177738.9009,,,
Pascal Coin,PASC,1.42675,106650.0,26159461.25,,,
Uquid Coin,UQC,2.6048,69540.1,26048000.0,,,
Game.com,GTC,0.0866213,6524220.0,25986390.0,,,
Electra,ECA,0.00110919,167720.0,25940230.5715,,,
Bloom,BLT,0.642638,2008910.0,25381995.2372,,,
GridCoin,GRC,0.0643976,74923.6,25135204.5523,,,
Spectrecoin,XSPEC,1.19655,45285.5,24870607.7483,,,
Radium,RADS,7.17006,8923160.0,24802231.2328,,,
DADI,DADI,0.347038,435782.0,24740191.5145,,,
Moeda Loyalty...,MDA,1.25612,1868510.0,24656238.7946,,,
QunQun,QUN,0.0532882,6294710.0,24641311.9562,,,
FairCoin,FAIR,0.462315,20582.5,24592306.196,,,
NewYorkCoin,NYC,0.000185261,31421.1,24488811.1135,,,
Covesting,COV,1.38717,171213.0,24275475.0,,,
Olympus Labs,MOT,0.656919,2183040.0,24227488.2028,,,
Aurora DAO,AURA,0.237441,35437.8,24189108.8355,,,
LATOKEN,LA,0.305796,1495550.0,23802978.3856,,,
OKCash,OK,0.320196,22506000.0,23642314.436,,,
carVertical,CV,0.00443128,236862.0,23281348.1745,,,
Zoin,ZOI,1.35303,138557.0,23245021.5742,,,
ALQO,ALQO,0.799918,184968.0,23101649.4204,,,
InsurePal,IPL,0.114733,25073.7,23061333.0,,,
Blocktix,TIX,0.575716,2310440.0,23028640.0,,,
Rivetz,RVT,0.875281,3316.45,22971284.3531,,,
BitClave,CAT,0.0451478,1873870.0,22636854.3515,,,
Propy,PRO,1.34191,9807030.0,22458125.7702,,,
PoSW Coin,POSW,0.503485,164594.0,22203688.5,,,
Waves Communi...,WCT,2.19942,68715.8,21936086.9248,,,
Omni,OMNI,39.0493,74174.5,21893880.6112,,,
SolarCoin,SLR,0.552258,260930.0,21857125.1326,,,
Blackmoon,BMC,1.03884,1287990.0,21841525.7968,,,
Peerplays,PPY,5.45981,8509.23,21611861.0029,,,
MonetaryUnit,MUE,0.169968,825683.0,21380880.647,,,
OAX,OAX,0.852631,928157.0,21323661.4786,,,
BitDegree,BDG,0.0596454,52681.1,20880017.3618,,,
Energycoin,ENRG,0.170425,23922.6,20736527.8041,,,
E-Dinar Coin,EDR,0.0233114,35935.5,20658842.1296,,,
Neumark,NEU,0.717862,151833.0,20622921.3549,,,
Phore,PHR,2.98809,123153.0,20600973.217,,,
Hackspace Cap...,HAC,0.0632413,213255.0,20509705.7697,,,
Rubycoin,RBY,0.808497,22848.9,20504061.5037,,,
Dai,DAI,0.99916,3234990.0,20459720.3686,,,
BitSend,BSD,1.11353,1414210.0,20427986.2325,,,
Hedge,HDG,5.48006,7772.47,20329237.9637,,,
DomRaider,DRT,0.0343353,2847.3,20309329.95,,,
Hubii Network,HBT,1.5017,29626.9,20297605.1176,,,
Databits,DTB,0.891705,142239.0,20284334.5785,,,
SHIELD,XSH,0.0418719,106308.0,20170539.4547,,,
Everus,EVR,0.413348,272917.0,20016726.0564,,,
Primecoin,XPM,0.875855,52759.9,19878277.9499,,,
KickCoin,KICK,0.0618962,1347690.0,19877208.3977,,,
Snovio,SNOV,0.0484373,685585.0,19617078.7454,,,
ALIS,ALIS,0.496604,87275.3,19138446.2977,,,
Ormeus Coin,ORME,1.12106,1309480.0,19090890.6941,,,
Musicoin,MUSIC,0.0291821,1641480.0,18937231.3179,,,
Swarm City,SWT,2.32017,3151330.0,18893540.1564,,,
Bodhi,BOT,0.467653,475719.0,18706120.0,,,
Universal Cur...,UNIT,1.41826,23521.0,18610441.5332,,,
AirToken,AIR,0.0174595,184083.0,18332475.0,,,
Myriad,XMY,0.0116657,218171.0,18158711.963,,,
E-coin,ECN,51.3505,3227.68,17991329.0961,,,
Golos,GOLOS,0.143635,78934.6,17885270.9731,,,
Worldcore,WRC,0.101979,1491490.0,17857471.2027,,,
Hacken,HKN,4.53047,200799.0,17414940.6949,,,
Open Trading ...,OTN,4.8319,51933.2,17358017.5889,,,
ICOS,ICOS,29.6237,422017.0,17313306.9836,,,
NeosCoin,NEOS,4.63468,348576.0,17199986.5026,,,
LoMoCoin,LMC,0.0753445,96611.3,17111447.5577,,,
OneRoot Network,RNT,0.0921699,1179680.0,17097661.9762,,,
Clams,CLAM,5.83004,78668.1,16880998.6989,,,
Paragon,PRG,0.259789,90292.3,16869817.421,,,
Etheroll,DICE,2.40292,3461.06,16824339.0952,,,
Divi,DIVX,3.27057,91230.0,16820563.1463,,,
ATBCoin,ATB,0.409094,3187720.0,16784490.8889,,,
DCORP,DRP,2.07029,95635.8,16756932.3736,,,
Quantum,QAU,0.221101,30838.7,16690363.1856,,,
Bismuth,BIS,2.0704,67005.5,16621787.6886,,,
Gambit,GAM,13.832,16788.7,16602263.953,,,
Polybius,PLBT,4.32531,31496.9,16526808.8433,,,
Oxycoin,OXY,0.171801,689.481,16511831.2439,,,
Stox,STX,0.39047,931104.0,16415542.4452,,,
FlorinCoin,FLO,0.114798,110701.0,16348223.8663,,,
Ties.DB,TIE,0.403337,133639.0,16083910.1649,,,
Espers,ESP,0.000757852,56377.9,16076427.1314,,,
Syndicate,SYNX,0.838415,4137390.0,16068944.5119,,,
Primas,PST,0.310639,1954670.0,15904716.8,,,
Tao,XTO,0.484561,3808.19,15895629.9571,,,
Auroracoin,AUR,1.83313,80012.2,15871494.5943,,,
Pareto Network,PARETO,0.0521353,110499.0,15867329.0134,,,
Patientory,PTOY,0.225391,5896120.0,15777370.0,,,
Profile Utili...,PUT,0.750409,2249960.0,15701064.6641,,,
OracleChain,OCT,0.522077,7770.31,15662310.0,,,
Incent,INCNT,0.339965,88620.4,15644034.0989,,,
Boolberry,BBR,1.39181,10688.9,15530306.8591,,,
PRIZM,PZM,1.0323,25737.5,15525995.5076,,,
GET Protocol,GET,1.49433,134279.0,15517710.5913,,,
ToaCoin,TOA,0.00800458,32221.1,15343562.8218,,,
iXledger,IXT,0.428067,131880.0,15315742.3423,,,
Neutron,NTRN,0.444108,26477.5,15216674.935,,,
aXpire,AXP,0.0590385,151223.0,15133818.018,,,
FoldingCoin,FLDC,0.0259365,73725.7,14900850.1479,,,
bitUSD,BITUSD,1.00604,1503290.0,14867963.348,,,
ProChain,PRA,0.299272,906860.0,14815786.4019,,,
Dynamic,DYN,3.06071,11956200.0,14683935.6237,,,
LUXCoin,LUX,12.3887,267786.0,14676025.0829,,,
Solaris,XLR,13.9118,126907.0,14648093.926,,,
Xaurum,XAUR,0.114968,35142.9,14616375.0784,,,
DecentBet,DBET,0.1349,36394.8,14566878.1968,,,
Nexium,NXC,0.217356,65440.7,14458731.6293,,,
MyBit Token,MYB,5.15024,10196.8,14417974.3008,,,
InvestFeed,IFT,0.0752568,40296.5,14402740.9818,,,
Hydro Protocol,HOT,0.0625758,214343.0,14354219.0215,,,
PinkCoin,PINK,0.0373349,378597.0,14258448.4348,,,
CargoX,CXO,0.108613,176408.0,14018832.9837,,,
DubaiCoin,DBIX,6.48527,107250.0,13962071.5749,,,
CoinFi,COFI,0.0818744,180238.0,13957175.8878,,,
Circuits of V...,COVAL,0.0139567,62724.0,13956700.0,,,
Bounty0x,BNTY,0.1132,124986.0,13941590.7789,,,
Russian Miner...,RMC,9168.28,5445.88,13816597.96,,,
Chronobank,TIME,19.4425,590933.0,13806368.324,,,
bitqy,BQ,0.00473151,3587.69,13783642.6031,,,
Measurable Da...,MDT,0.111229,402621.0,13686242.1803,,,
SportyCo,SPF,0.263264,1074890.0,13455627.2002,,,
LockChain,LOC,1.43974,87873.0,13379454.8688,,,
Rialto,XRL,0.181846,1531.93,13307789.2214,,,
EarthCoin,EAC,0.00113002,22623.3,13305784.1497,,,
Exchange Union,XUC,6.64126,368016.0,13282520.0,,,
Global Curren...,GCR,0.127463,40106.6,13239955.2546,,,
Ethorse,HORSE,0.13124,34183.0,13170143.984,,,
Leverj,LEV,0.111422,369321.0,13157880.8695,,,
Autonio,NIO,0.197702,7892.7,13014353.9458,,,
Pandacoin,PND,0.000399081,15138.3,12976085.5505,,,
Internet of P...,IOP,3.93146,4890740.0,12955604.7849,,,
Sphere,SPHR,4.14368,34071000.0,12774717.963,,,
Mysterium,MYST,0.641298,169455.0,12459794.3721,,,
CoinMeet,MEE,0.0638757,2763180.0,12451270.9105,,,
Payfair,PFR,0.163457,64374.9,12434220.9993,,,
eBitcoin,EBTC,0.652937,693008.0,12338632.7591,,,
GoByte,GBX,13.8219,229791.0,12251363.3866,,,
The ChampCoin,TCC,0.0738181,28458.1,12174503.8083,,,
BLUE,BLUE,0.332165,111005.0,12172278.8956,,,
Aventus,AVT,2.02508,88413.9,12150480.0,,,
Curecoin,CURE,0.509274,76792.2,12146676.7901,,,
Karma,KRM,0.0120246,46692.1,12089701.3407,,,
Elixir,ELIX,0.382367,83743.8,11989289.5451,,,
ClearPoll,POLL,1.69484,92720.4,11863864.7464,,,
KiloCoin,KLC,0.0594348,1847.82,11666930.6474,,,
Rebellious,REBL,0.0683953,1674870.0,11486577.8455,,,
LOCIcoin,LOCI,0.313885,47157.4,11462486.9854,,,
Atmos,ATMS,0.113835,2344.39,11431172.0363,,,
Stealthcoin,XST,0.40389,143691.0,11404765.2603,,,
Bitcrystals,BCY,0.483094,51443.2,11199702.0005,,,
BlockCAT,CAT,1.51881,38821.3,11178625.5459,,,
Voise,VOISE,0.0222833,1003450.0,11116860.6471,,,
Linda,LINDA,0.00130906,120218.0,11077023.3839,,,
Pirl,PIRL,0.968685,85519.4,10893742.391,,,
Playkey,PKT,0.794104,5233.6,10824838.5398,,,
Polis,POLIS,10.167,158820.0,10791755.2762,,,
AICHAIN,AIT,0.0556089,65975.9,10762310.514,,,
BitcoinZ,BTCZ,0.0085654,138370.0,10639619.9308,,,
Pluton,PLU,12.4523,4692.84,10584448.7738,,,
Zilla,ZLA,0.281641,1253630.0,10495828.5219,,,
CHIPS,CHIPS,0.500899,51626.3,10448245.7124,,,
Novacoin,NVC,5.20554,24125.0,10412395.1956,,,
HEAT,HEAT,0.318139,2104.34,10389147.184,,,
OBITS,OBITS,0.656021,17454.9,10282866.7306,,,
B2BX,B2B,0.600593,1900150.0,9934272.1537,,,
Sequence,SEQ,0.217529,21992.7,9882281.23562,,,
Change,CAG,0.265281,1903350.0,9844547.8845,,,
AidCoin,AID,0.291766,387479.0,9748770.39956,,,
ArtByte,ABY,0.0122974,77245.6,9746147.57815,,,
HelloGold,HGT,0.0369974,143029.0,9731598.30978,,,
Block Array,ARY,0.141526,247582.0,9684728.65732,,,
Spectre.ai Ut...,SXUT,0.392994,7688650.0,9639968.92529,,,
Gatcoin,GAT,0.0181348,29701.9,9608931.39934,,,
Travelflex,TRF,0.122485,12831.4,9230512.93044,,,
Devery,EVE,0.145608,69261.8,9161423.84328,,,
NuBits,USNBT,0.993596,9064250.0,9123912.70358,,,
Vcash,XVC,0.567102,79787.8,8731537.41937,,,
Cryptopay,CPAY,0.129513,12910.7,8577435.40186,,,
DopeCoin,DOPE,0.0731542,30157.3,8547719.17816,,,
Flixxo,FLIXX,0.112557,18729.0,8470291.86449,,,
TransferCoin,TX,1.33161,2575630.0,8462410.84542,,,
Lampix,PIX,0.062243,26807.7,8422848.30413,,,
RussiaCoin,RC,1.00096,1058.89,8385915.7009,,,
Elite,1337,0.000326939,7240.13,8377934.12675,,,
EchoLink,EKO,0.0602074,863719.0,8324710.48371,,,
Iungo,ING,0.206245,48286.3,8249800.0,,,
HyperStake,HYP,0.00715267,7904.67,8240958.97485,,,
Ethereum Movi...,EMV,1.24582,1629.44,8180883.83612,,,
Qwark,QWARK,0.158589,92739.5,8155355.82089,,,
Sumokoin,SUMO,2.87083,74142.8,8116012.8225,,,
SureRemit,RMT,0.0162299,25547.9,8114950.0,,,
EventChain,EVC,0.258233,1454.46,8069909.5918,,,
Aigang,AIX,0.448586,119896.0,8010618.08108,,,
Memetic / Pep...,MEME,0.367566,8270800.0,7980255.67648,,,
HEROcoin,PLAY,0.0665683,22522.6,7925438.69068,,,
LIFE,LIFE,0.000571972,167391.0,7924147.32598,,,
CVCoin,CVCOIN,0.79052,1007.97,7776371.32716,,,
EuropeCoin,ERC,0.774599,26383.5,7760233.63908,,,
Sociall,SCL,0.459496,4941.6,7680025.17967,,,
vTorrent,VTR,0.709177,75496.3,7670434.19421,,,
Bitcoin Plus,XBC,71.2191,45199.6,7567394.70477,,,
Synergy,SNRG,2.18329,24695.8,7553970.47443,,,
Pesetacoin,PTC,0.0564628,10601.2,7506097.69049,,,
Publica,PBL,0.402515,43468.9,7479909.07524,,,
Breakout Stake,BRX,1.19032,38067.4,7461023.95429,,,
Internxt,INXT,11.8386,22016.1,7453695.53576,,,
Bitmark,BTM,0.89451,42635.6,7443548.6787,,,
Farad,FRD,0.0545185,21554.3,7430570.02865,,,
GoldCoin,GLD,0.179391,20019.6,7330190.36944,,,
Kore,KORE,3.61142,1315810.0,7303970.14211,,,
Bonpay,BON,0.6464,131138.0,7298050.60518,,,
Mercury Protocol,GMT,0.0423077,10649.5,7268870.06408,,,
Eroscoin,ERO,0.038714,101665.0,7229607.216,,,
TrueFlip,TFL,1.15408,237821.0,7209845.89936,,,
Verify,CRED,0.575891,17669.1,7121369.05275,,,
VeriumReserve,VRM,4.69282,65704.5,7120516.52775,,,
ZrCoin,ZRC,1.87017,49846.7,7120010.23482,,,
APX,APX,9.92401,5007.85,6978355.42779,,,
Viuly,VIU,0.0104009,1124470.0,6940961.74477,,,
DAO.Casino,BET,0.0414443,652.516,6932422.07384,,,
adbank,ADB,0.0180388,52297.2,6823139.59676,,,
ExclusiveCoin,EXCL,1.51912,18937200.0,6803760.21912,,,
Bela,BELA,0.165236,33627.2,6653723.248,,,
Sharechain,SSS,0.00296295,4234.28,6648929.61008,,,
Denarius,DNR,2.79181,24554.1,6640169.32757,,,
Bulwark,BWK,2.15946,130766.0,6631373.41877,,,
Monkey Project,MONK,11.122,54374.1,6604165.00217,,,
LendConnect,LCT,3.0438,427121.0,6577830.83936,,,
Riecoin,RIC,0.154615,1988600.0,6489972.35572,,,
MyWish,WISH,0.343576,112608.0,6467839.34974,,,
Dotcoin,DOT,0.022508,45253.9,6426242.199,,,
GCN Coin,GCN,4.19668e-05,2490.27,6395197.26961,,,
Wild Crypto,WILD,0.260631,38231.3,6352478.3392,,,
AdShares,ADST,0.32722,15169.2,6341230.08366,,,
Monoeci,XMCC,2.00296,14077.0,6264672.661,,,
2GIVE,2GIVE,0.0119937,14755.0,6229115.44692,,,
Uniform Fisca...,UFO,0.00174459,719.677,6226552.94855,,,
Yocoin,YOC,0.0552177,17238.3,6145779.72123,,,
Creditbit,CRB,0.368369,87600.2,6100343.22093,,,
DigiPulse,DGPT,4.3266,36635.5,6068668.23797,,,
Blockpool,BPL,0.271502,2201.5,6052835.72308,,,
FLiK,FLIK,0.100272,7894.49,6028721.85836,,,
Bitcloud,BTDX,0.303795,4687.51,5907133.81149,,,
Hawala.Today,HAT,3.94422,29915.7,5895161.37126,,,
Dovu,DOVU,0.0923825,6619.25,5893379.94997,,,
Breakout,BRK,0.313463,27673.0,5849911.83153,,,
Blitzcash,BLITZ,1.40342,20406.2,5796746.55007,,,
Primalbase Token,PBT,4633.57,1365830.0,5791962.5,,,
XGOX,XGOX,0.00375735,47942.7,5779686.00842,,,
REAL,REAL,0.574628,860.822,5778354.01108,,,
FedoraCoin,TIPS,1.30159e-05,2847.88,5768232.74605,,,
MCAP,MCAP,0.549548,134599.0,5764758.52,,,
Tokes,TKS,3.77332,10370.8,5756399.64596,,,
Global Jobcoin,GJC,0.423077,7841.53,5690383.43155,,,
Social Send,SEND,0.17693,32403.8,5674986.24232,,,
Hush,HUSH,1.70086,36754.9,5665160.70575,,,
Creativecoin,CREA,0.417243,45564.0,5659857.66222,,,
Sprouts,SPRTS,1.61915e-06,14236.3,5600992.43015,,,
TeslaCoin,TES,0.0750175,23019.5,5593052.65509,,,
Karbo,KRB,1.0231,30092.2,5549883.19533,,,
CannabisCoin,CANN,0.0707938,117451.0,5467488.39442,,,
HunterCoin,HUC,0.251876,5919.78,5437496.56924,,,
AudioCoin,ADC,0.0062932,10529.9,5388988.24254,,,
Vsync,VSX,0.032178,9676.76,5355176.29038,,,
Upfiring,UFR,0.330273,11368.0,5312441.20691,,,
GoldMint,MNTP,3.08196,417288.0,5285549.07216,,,
vSlice,VSL,0.157336,13464.0,5253527.08391,,,
SpreadCoin,SPR,0.54153,88504.9,5231090.59383,,,
FlypMe,FYP,0.2944,1033.36,5192827.6864,,,
Zero,ZER,1.90422,20430.8,5112487.9404,,,
Zeitcoin,ZEIT,0.000136683,10683.8,5053332.58574,,,
Obsidian,ODN,0.201279,70484.1,5031975.0,,,
Masternodecoin,MTNC,0.10304,2200.04,5024975.89428,,,
Project Decorum,PDC,0.097043,20828.7,4852150.0,,,
Jesus Coin,JC,0.000327149,21100.1,4847426.87018,,,
Tracto,TRCT,0.298185,21568.3,4835638.95479,,,
Terracoin,TRC,0.213825,5051.3,4779861.73961,,,
Altcoin,ALT,38.5584,3051.84,4749441.27231,,,
BunnyCoin,BUN,4.61822e-05,985.507,4743784.65329,,,
EverGreenCoin,EGC,0.349727,29392.6,4658818.48358,,,
Privatix,PRIX,3.90618,7920.09,4619713.23123,,,
DNotes,NOTE,0.0348951,2626.09,4615287.05769,,,
Sexcoin,SXC,0.0365402,13649.3,4611573.5692,,,
ATLANT,ATL,0.348343,362937.0,4606845.34066,,,
Opus,OPT,0.0327111,5073.42,4582188.84304,,,
DraftCoin,DFT,1.63521,445158.0,4572351.97347,,,
BuzzCoin,BUZZ,0.000248146,20659.4,4562221.0575,,,
TrustPlus,TRUST,0.142075,16596.1,4558703.0221,,,
Bitzeny,ZNY,0.0601802,29385.1,4550495.7329,,,
Bitswift,SWIFT,1.15176,55524.9,4474166.9139,,,
Ixcoin,IXC,0.211015,6249.7,4431122.55411,,,
MAZA,MZC,0.00414341,18693.3,4372728.18611,,,
Coinlancer,CL,0.0613744,16109.8,4337131.16106,,,
Magi,XMG,0.556542,41807.6,4318386.30963,,,
Regalcoin,REC,0.337316,12370.2,4317310.67262,,,
TrezarCoin,TZC,0.0449218,24567.7,4203817.98144,,,
PutinCoin,PUT,0.0118367,17029.0,4172983.96842,,,
Speed Mining ...,SMS,39.7728,14180.3,4165814.48679,,,
HollyWoodCoin,HWC,4.35387,141927.0,4143163.81256,,,
BlueCoin,BLU,0.00720803,2864.57,4142337.16998,,,
Startcoin,START,0.090131,59619.1,4063086.10184,,,
Ergo,EFYT,10.2184,687.744,4059770.32,,,
e-Gulden,EFL,0.245548,20663.4,4016072.34585,,,
Greencoin,GRE,0.00104277,4608.95,4004458.53554,,,
Indorse Token,IND,0.0846121,174596.0,3935155.76398,,,
Rupee,RUP,0.171569,15717.0,3931752.41005,,,
Anoncoin,ANC,1.85363,7962.0,3911746.64491,,,
FORCE,FOR,0.0334667,2933.5,3871049.91182,,,
Innova,INN,1.86453,46047.6,3854373.05614,,,
ChainCoin,CHC,0.258091,10097.9,3825170.36702,,,
Interstellar ...,HOLD,0.0248549,10124.8,3813948.56323,,,
MarteXcoin,MXT,1.30812,2090.5,3794572.68486,,,
MicroMoney,AMM,0.369033,1862200.0,3758924.19498,,,
Qvolta,QVT,0.551091,14697.4,3710373.3608,,,
Ignition,IC,10.9299,40072.5,3691041.64271,,,
Zephyr,ZEPH,0.0284167,2479.3,3580235.24676,,,
Ethbits,ETBS,2.50392,1458.85,3484464.11163,,,
bitJob,STU,0.071232,1154320.0,3422269.55228,,,
ParkByte,PKB,0.71505,62814.2,3406517.03068,,,
Crypto Bullion,CBX,3.36096,8627.8,3394583.56902,,,
Quark,QRK,0.0131848,3697.31,3357695.96148,,,
CampusCoin,CMPCO,0.00939791,24928.9,3333439.12423,,,
ProCurrency,PROC,0.0342553,38894.8,3328317.18147,,,
UnbreakableCoin,UNB,1.45674,84293800.0,3318672.231,,,
Magnet,MAG,0.188924,21756.4,3301580.64101,,,
eBoost,EBST,0.274992,162121.0,3299904.0,,,
Hexx,HXX,2.11602,102078.0,3245293.51412,,,
Carboncoin,CARBON,0.000209659,3498.98,3227074.93249,,,
Condensate,RAIN,0.0224759,6483.83,3212994.09594,,,
GanjaCoin,MRJA,0.310538,33047.3,3210321.47238,,,
InflationCoin,IFLT,7.99468e-05,563.493,3177867.19213,,,
PiplCoin,PIPL,0.0380062,10226.4,3171399.16112,,,
Adzcoin,ADZ,0.0722992,5003.32,3140596.9491,,,
IntenseCoin,ITNS,0.00818131,5706.17,3104591.17645,,,
Ellaism,ELLA,0.580997,37327.2,3075156.11631,,,
EquiTrader,EQT,0.299961,5014.88,3074834.47112,,,
CrowdCoin,CRC,2.31002,51092.8,3058189.2776,,,
Pylon Network,PYLNT,8.94104,3494.84,3042344.90213,,,
Bitdeal,BDL,0.0173147,20436.8,3040180.70066,,,
onG.social,ONG,0.216838,9200.76,2962383.39801,,,
LiteDoge,LDOGE,0.000197416,8605.04,2952223.62433,,,
IncaKoin,NKA,0.000218082,13188.3,2931555.09452,,,
CryptoPing,PING,0.290743,108839.0,2893500.21213,,,
Oceanlab,OCL,0.0614888,5553.35,2859229.2,,,
MagicCoin,MAGE,0.387736,3330.23,2836600.93375,,,
Smartlands,SLT,0.555712,11040.6,2834628.92345,,,
Giga Watt Token,WTT,0.949765,63644.0,2754318.5,,,
Unity Ingot,UNY,0.0136296,1383.03,2753179.2,,,
SmileyCoin,SMLY,0.000105902,1042.63,2749242.3955,,,
STRAKS,STAK,1.30315,14745.1,2736213.63015,,,
Embers,MBRS,0.0546276,1465.03,2731380.0,,,
FundYourselfNow,FYN,3.2033,1650.55,2722805.0,,,
Pure,PURE,0.79608,7227.42,2713168.6831,,,
Cream,CRM,0.0580122,34836.7,2613659.18573,,,
TheGCCcoin,GCC,0.00436148,8574.79,2556966.69743,,,
Footy Cash,XFT,0.5502,658.959,2526027.3465,,,
Unify,UNIFY,0.139523,5265.45,2491996.68873,,,
PlusCoin,PLC,0.000474872,1202.75,2456191.66398,,,
Chronologic,DAY,3.87209,3311.48,2423012.85336,,,
Accelerator N...,ACC,8.34766,2411.67,2415043.95714,,,
Intelligent T...,ITT,0.245776,158786.0,2408580.01207,,,
ELTCOIN,ELTCOIN,0.0261122,5501.29,2350098.0,,,
Linx,LINX,0.125572,27967.9,2320267.61755,,,
42-coin,42,54858.1,2632.6,2304038.60143,,,
NobleCoin,NOBL,0.000981334,3439.3,2278916.1201,,,
OP Coin,OPC,0.0159186,21892.1,2272731.83229,,,
KekCoin,KEK,0.213058,2715.57,2249190.45389,,,
POLY AI,AI,0.755302,250735.0,2237573.05852,,,
DigitalPrice,DP,0.11916,11236.6,2228372.31384,,,
Miners' Rewar...,MRT,0.219105,53630.4,2191050.0,,,
SkinCoin,SKIN,0.0247511,211822.0,2182638.20608,,,
Fastcoin,FST,0.0136296,795.877,2138667.19805,,,
Growers Inter...,GRWI,1.81569,22261.2,2136001.62438,,,
Photon,PHO,9.7749e-05,1932.02,2123008.59543,,,
ArcticCoin,ARC,0.0835522,5026.18,2059491.11663,,,
Canada eCoin,CDN,0.020685,1867.76,2015040.53221,,,
Bytecent,BYC,0.986676,10800.9,1992821.41854,,,
Renos,RNS,0.0595548,1341.8,1986514.48304,,,
ArbitrageCT,ARCT,0.0231008,110998.0,1985631.85129,,,
Scorecoin,SCORE,0.0456126,3401.04,1903755.8925,,,
Orbitcoin,ORB,0.601448,3133.97,1897457.34006,,,
Dinastycoin,DCY,0.00125684,6339.98,1888506.2919,,,
Moin,MOIN,0.247556,3299.79,1845184.66539,,,
PetroDollar,XPD,0.0284817,10889.1,1822637.25736,,,
Unitus,UIS,0.0378359,1126.83,1770185.35786,,,
Zennies,ZENI,0.00174165,5464.0,1743065.67503,,,
FujiCoin,FJC,0.00130484,5517.59,1710570.54443,,,
Bata,BTA,0.337063,5896.53,1686081.19818,,,
Legends Room,LGD,0.84061,72488.0,1681220.0,,,
InsaneCoin,INSN,0.0903812,904.687,1663116.72833,,,
Zetacoin,ZET,0.00976413,2235.79,1636974.81702,,,
WorldCoin,WDC,0.0137785,2323.31,1626574.61957,,,
Bitcoin Scrypt,BTCS,0.0968249,1805.5,1624110.61482,,,
BiblePay,BBP,0.00366524,5747.23,1606526.63212,,,
FuckToken,FUCK,0.0310951,2238.48,1598066.65877,,,
Skeincoin,SKC,0.120486,1706.32,1590996.79398,,,
Emphy,EPY,0.207221,1589.36,1588742.25388,,,
StarCredits,STRC,0.351099,2458.23,1579945.5,,,
NetCoin,NET,0.00196267,22183.8,1544869.98296,,,
VIVO,VIVO,1.1157,25467.3,1541674.26,,,
Jetcoin,JET,0.223388,87326.6,1524337.4435,,,
Machinecoin,MAC,0.0730548,3433.54,1504665.88272,,,
PopularCoin,POP,0.000437472,1903.94,1497030.19163,,,
WandX,WAND,0.118681,8652.19,1453146.18179,,,
ERA,ERA,0.00477124,5436.79,1400651.83147,,,
PlatinumBAR,XPTX,2.26275,672.977,1399671.52403,,,
Kolion,KLN,1.98479,119706.0,1390393.02996,,,
REX,REX,0.159497,1715.79,1381364.59973,,,
Copico,XCPO,0.0873726,8572.98,1375827.34941,,,
Kubera Coin,KBR,0.0119415,141271.0,1366385.7653,,,
Kobocoin,KOBO,0.05531,840.343,1366170.69943,,,
Bitradio,BRO,0.219467,1397.47,1350171.45092,,,
Piggycoin,PIGGY,0.00272593,1460.58,1334146.78576,,,
Guncoin,GUN,0.00654222,1994.79,1330263.79533,,,
RouletteToken,RLT,0.129535,151900.0,1323491.08686,,,
Digitalcoin,DGC,0.0457749,1518.0,1294414.76467,,,
Suretly,SUR,5.75965,8596.05,1275583.36492,,,
Ethereum Cash,ECASH,0.0902413,6814.46,1272402.33,,,
HOdlcoin,HODL,0.00774163,10114.0,1272282.11847,,,
BitBar,BTB,34.6575,2547.8,1263235.07249,,,
Sugar Exchange,SGR,0.349979,65985.8,1224926.5,,,
FirstCoin,FRST,0.645499,138359.0,1207041.94716,,,
EthBet,EBET,0.138148,2374.93,1174603.37,,,
LeviarCoin,XLC,0.105003,18776.9,1141619.91434,,,
Soma,SCT,0.270521,2504.66,1126910.69197,,,
QubitCoin,Q2C,0.00436148,2842.18,1083663.54745,,,
Elcoin,EL,0.0963767,3335.93,1080283.24987,,,
Ace,ACE,0.279855,271610.0,1077697.53747,,,
Rupaya,RUPX,0.153125,6009.99,1074031.0,,,
CryptoCarbon,CCRB,0.295415,7443.96,1052301.02106,,,
Megacoin,MEC,0.0280196,4750.79,1032927.84352,,,
Capricoin,CPC,0.514474,40427.0,1023826.41133,,,
Elementrem,ELE,0.0392533,883.198,1021236.10697,,,
LanaCoin,LANA,0.00114923,1012.34,1007906.74225,,,
Deutsche eMark,DEM,0.0277751,3331.97,980222.768015,,,
TOKYO,TOKC,0.00787037,91015.0,979211.738264,,,
Triangles,TRI,8.8308,1275.21,935468.25967,,,
Cryptojacks,CJ,0.00227688,6427.96,925707.870499,,,
TrumpCoin,TRUMP,0.139791,2769.37,922385.522098,,,
Authorship,ATS,0.0114742,1076.42,917936.0,,,
eBitcoinCash,EBCH,0.0974966,1092.43,905304.6793,,,
Sovereign Hero,HERO,189.553,25122.7,904736.469,,,
TittieCoin,TTC,0.000717657,1111.7,904116.082575,,,
Abjcoin,ABJ,0.108993,1309.86,900847.530958,,,
Happycoin,HPC,0.064744,25065.7,881056.181553,,,
Cryptonite,XCN,0.00218074,3145.05,865070.700354,,,
DFSCoin,DFS,0.0503993,3698.81,864209.980468,,,
WavesGo,WGO,0.0897709,1939.92,853157.856832,,,
Nyancoin,NYAN,0.00261709,2645.58,834666.684242,,,
Bit20,BTWTY,820447.0,1020.1,833574.152,,,
FuelCoin,FC2,0.00817778,929.509,831542.385072,,,
ERC20,ERC20,0.000527814,13468.8,831170.428513,,,
Rimbit,RBT,0.00420247,2808.73,830328.43569,,,
Equal,EQL,0.0030657,106168.0,817251.187158,,,
Bitcoin Red,BTCRED,0.0396509,6535.67,814826.034611,,,
Netko,NETKO,0.16517,1623.98,805160.8058,,,
CryptoForecast,CFT,0.0173369,2230.13,797497.4,,,
Billionaire T...,XBL,0.242462,750.092,792432.162161,,,
UltraCoin,UTC,0.0172279,3837.55,790175.256988,,,
Mineum,MNM,0.0825974,1576.47,779419.367154,,,
Royal Kingdom...,RKC,0.287821,5810.13,777116.7,,,
MojoCoin,MOJO,0.0632712,5708.36,770201.583024,,,
Manna,MANNA,0.0172279,551.613,752395.331938,,,
Pioneer Coin,PCOIN,0.32722,8885.12,749789.389781,,,
Minereum,MNE,0.328859,5900.45,748149.18467,,,
iEthereum,IETH,0.0415293,1551.47,746779.8726,,,
Octanox,OTX,0.0871796,3223.99,741026.68718,,,
HomeBlockCoin,HBC,0.144465,26362.9,722325.0,,,
Centurion,CNT,0.0097428,520.336,719777.297982,,,
Titcoin,TIT,0.0144057,805.219,718818.530712,,,
Argentum,ARG,0.0774333,1005.47,701769.282391,,,
Pakcoin,PAK,0.0140527,1940.23,699159.76729,,,
PureVidz,VIDZ,0.00555514,507.227,695946.68655,,,
Ethereum Gold,ETG,0.0569903,5623.44,683883.6,,,
GlassCoin,GLS,0.242171,3171.24,682271.777242,,,
Steneum Coin,STN,0.299235,20130.4,676761.663179,,,
Ammo Reloaded,AMMO,0.00861393,623.976,669972.326634,,,
Eternity,ENT,0.160721,1117.92,666242.820585,,,
Joulecoin,XJO,0.0184621,2109.42,648780.558288,,,
Chronos,CRX,0.00859621,1013.29,633798.235883,,,
Garlicoin,GRLC,0.150704,11713.6,631207.218708,,,
AdCoin,ACC,0.108601,45902.7,628472.65415,,,
DigitalDevelo...,DDF,0.121999,1777.68,624428.335693,,,
AmsterdamCoin,AMS,0.0123266,648.751,618818.570006,,,
Bitgem,BTG,9.88081,18875.9,595042.531485,,,
Desire,DSR,0.58312,15782.6,590488.88744,,,
Phoenixcoin,PXC,0.00905008,750.598,583959.22709,,,
HiCoin,XHI,0.00306142,35459.4,580843.186243,,,
FUNCoin,FUNC,0.0980348,1270.38,573364.508744,,,
Roofs,ROOFS,0.00436148,15248.8,566992.4,,,
Blakecoin,BLC,0.0372146,565.376,562785.124995,,,
WhaleCoin,WHL,0.0761079,53828.8,547715.068824,,,
GoldBlocks,GB,0.0349577,1249.13,539171.278071,,,
Coin2.1,C2,0.00686934,1455.29,537498.202609,,,
DigiCube,CUBE,0.000218074,904.018,529729.225324,,,
SuperCoin,SUPER,0.0109444,1196.33,526676.226534,,,
Motocoin,MOTO,0.0273971,1632.7,522151.672438,,,
Kurrent,KURT,0.00843647,1598.58,517702.404774,,,
ZoZoCoin,ZZC,0.872819,2355.53,515618.671841,,,
bitBTC,BITBTC,12202.2,3605.69,512801.11566,,,
Visio,VISIO,0.00993048,1382.38,506029.372991,,,
Virta Unique ...,VUC,0.00818669,2297.7,505300.926853,,,
MACRON,MCRN,0.00124008,1590.71,497794.650562,,,
CarTaxi Token,CTX,0.0124353,7783.94,496518.449083,,,
Coin(O),CNO,0.00468859,723.775,493488.025697,,,
Confido,CFD,0.0543956,558.77,489560.4,,,
CoinonatX,XCXT,0.0264255,1653.63,484252.173254,,,
8Bit,8BIT,0.326893,576.378,479826.878118,,,
Litecoin Plus,LCP,0.436148,2891.89,478361.719048,,,
TEKcoin,TEK,0.000328512,3457.43,464533.892113,,,
Newbium,NEWB,0.00919833,1271.39,459916.5,,,
Fujinto,NTO,0.00683807,1213.9,449961.745829,,,
DaxxCoin,DAXX,0.000872297,1303.22,444195.823636,,,
Crystal Clear,CCT,0.0865215,3246.81,443258.198655,,,
808Coin,808,0.000111032,88335.8,441706.153262,,,
PostCoin,POST,0.0277823,2677.32,440856.001263,,,
GlobalToken,GLT,0.015669,762.864,438280.7328,,,
KushCoin,KUSH,0.0784031,6457.8,430762.156075,,,
Kayicoin,KAYI,0.00150056,7302.99,426677.812439,,,
AquariusCoin,ARCO,0.262343,557.715,424588.899677,,,
Bolivarcoin,BOLI,0.0455166,642.498,423855.130805,,,
Helleniccoin,HNC,0.00643453,7777.09,421699.02415,,,
OctoCoin,888,0.00797059,2585.2,421147.278661,,,
bitSilver,BITSILVER,19.0894,1588.4,418953.15286,,,
Advanced Inte...,AIB,0.0164577,1799.8,392956.674936,,,
Influxcoin,INFX,0.228815,124161.0,382895.229505,,,
DIBCOIN,DIBC,0.0756519,1290.14,378259.5,,,
CannaCoin,CCN,0.0801423,1728.89,376773.174733,,,
Sativacoin,STV,0.0525869,5252.45,372834.996817,,,
LiteBar,LTB,0.417939,905.634,370734.078859,,,
Senderon,SDRN,0.00839585,3589.81,368770.088361,,,
BERNcash,BERN,0.0051217,712.053,364840.718468,,,
VirtualCoin,VC,0.0359822,2834.17,362135.17508,,,
LeaCoin,LEA,0.00107017,2590.14,362108.81605,,,
SagaCoin,SAGA,1.62138,43566.5,359604.004428,,,
Ethereum Dark,ETHD,0.2395,12961.1,359250.0,,,
Philosopher S...,PHS,0.0589891,1316.38,354780.530874,,,
SpaceCoin,SPACE,0.0161721,699.706,352189.174978,,,
Atomic Coin,ATOM,0.0236559,1001.22,350138.625869,,,
Onix,ONX,0.0126487,2757.41,346989.434442,,,
Mao Zedong,MAO,0.0550637,578.718,343869.070238,,,
C-Bit,XCT,0.00218074,1502.74,343741.050648,,,
GlobalBoost-Y,BSTY,0.0245059,19610.1,338562.778758,,,
Virtacoinplus,XVP,0.0305412,1518.63,333773.871592,,,
Honey,HONEY,0.719483,2009.6,323332.062785,,,
bitGold,BITGOLD,1639.27,860.775,318280.6632,,,
Pascal Lite,PASL,0.0626963,3298.03,314867.08823,,,
EOT Token,EOT,0.0139298,30309.1,311636.24058,,,
SixEleven,611,0.705544,1827.13,310011.915112,,,
RedCoin,RED,0.00414341,1185.39,307059.397365,,,
BitCoal,COAL,0.0663532,4313.13,298589.4,,,
Quebecoin,QBC,0.0186453,4676.71,287845.936302,,,
Qbic,QBIC,1.33799,19760.2,276602.618623,,,
NevaCoin,NEVA,0.104688,918.367,276096.80304,,,
ParallelCoin,DUO,0.876276,1075.39,275512.251532,,,
Global Tour Coin,GTC,0.00915911,9847.23,273742.004162,,,
Save and Gain,SANDG,0.0888652,2798.57,272354.068426,,,
PayCon,CON,0.0115099,891.84,265218.06778,,,
Eurocoin,EUC,0.0213464,1127.45,265048.73792,,,
LiteBitcoin,LBTC,0.00910367,4384.65,263463.241044,,,
BoostCoin,BOST,0.0218074,2804.57,258537.350872,,,
BriaCoin,BRIA,0.3603,632.65,253894.080204,,,
MustangCoin,MST,0.398391,1888.18,251123.075189,,,
Madcoin,MDC,0.133943,1574.96,243724.236487,,,
AllSafe,ASAFE2,0.0296531,1512.14,243164.617707,,,
PoSToken,POS,0.24809,1740.75,242230.546884,,,
BROTHER,BRAT,0.00141823,713.598,226916.8,,,
BipCoin,BIP,0.138477,1077.7,225338.247457,,,
EagleCoin,EAGLE,0.106664,4571.38,223292.611991,,,
Bitcoin Fast,BCF,0.0356551,3981.08,222246.271127,,,
Dalecoin,DALC,0.472197,1452.83,218876.058819,,,
FinCoin,FNC,0.0168175,1292.13,216586.982272,,,
ReeCoin,REE,8.01346e-05,1550.51,205144.576,,,
StarCash Network,STARS,0.218728,1175.23,199197.021387,,,
Zlancer,ZCG,0.0971016,5513.36,194942.628684,,,
CacheCoin,CACH,0.0454667,3414.04,190738.813891,,,
GPU Coin,GPU,0.00460632,734.83,186450.206324,,,
Beatcoin,XBTS,0.120584,640.715,183852.748182,,,
Money,$$$,0.0038163,1938.71,175119.388305,,,
300 Token,300,545.189,3756.99,163556.7,,,
X-Coin,XCO,0.0125812,907.833,155817.860051,,,
YENTEN,YTN,0.0351099,955.859,146242.476857,,,
Debitcoin,DBTC,0.00783266,832.691,140984.975468,,,
Eryllium,ERY,0.0250509,1009.77,140693.746886,,,
GoldPieces,GP,0.114895,2773.94,140190.39213,,,
Spots,SPT,0.00587943,685.377,131734.633462,,,
Kronecoin,KRONE,0.0226797,978.884,125915.468825,,,
Comet,CMT,0.14356,1255.59,125303.4748,,,
Marijuanacoin,MAR,0.0744723,750.639,121509.058958,,,
Master Swiscoin,MSCN,0.00247085,5033.23,111542.372989,,,
SongCoin,SONG,0.00337456,536.278,109893.558768,,,
SONO,ALTCOM,0.513347,1456.28,107122.142012,,,
Theresa May Coin,MAY,0.00309293,4310.38,102406.9123,,,
LiteCoin Ultra,LTCU,0.102237,3713.44,102165.676023,,,
iDice,ICE,0.0574625,606.359,90274.3237647,,,
VapersCoin,VPRC,0.000109037,1412.53,85062.4856997,,,
WomenCoin,WOMEN,0.00185363,32370.1,81968.2605872,,,
QuazarCoin,QCN,0.0109037,90121.7,74678.9291366,,,
HealthyWormCoin,WORM,0.000654222,1099.11,74357.3877237,,,
Iconic,ICON,0.119933,560.516,71107.4997335,,,
Printerium,PRX,0.00566993,518.301,67028.3695745,,,
Rawcoin,XRC,0.0766512,3322.45,54030.0511584,,,
BiosCrypto,BIOS,0.00228978,563.539,47677.1328691,,,
GBCGoldCoin,GBC,0.00365,2730.71,41470.6309943,,,
Veros,VRS,7.48027e-05,2168.91,36399.6700364,,,
Argus,ARGUS,0.0224193,1853.09,25744.6213293,,,
Elysium,ELS,0.00599704,532.587,24018.2176284,,,
CrevaCoin,CREVA,0.000545185,1027.54,19839.6910387,,,
Coupecoin,COUPE,8.7257e-05,735.492,19046.5855691,,,
PRCoin,PRC,0.000981842,7085.89,18220.2383624,,,
Project-X,NANOX,207170.0,2588.36,16213.95288,,,
Aerium,AERM,0.00881706,9680.37,13415.0845572,,,
Vault Coin,VLTC,0.000427743,2473.72,12997.2021141,,,
FuturXe,FXE,0.0509203,528.031,11987.7130383,,,
Concoin,CONX,0.0133025,1717.23,9900.59462532,,,
EXRNchain,EXRN,4.31711e-05,8663.12,6475.665,,,
CaliphCoin,CALC,0.000770025,1082.14,5122.05809311,,,
Tristar Coin,TSTR,0.00076326,1756.67,3837.56186187,,,
HarmonyCoin,HMC,0.00662932,10462.4,3720.60662508,,,
Abncoin,ABN,0.0319479,617.806,2162.87311753,,,
Digital Money...,DMB,0.00392533,1343.13,1653.741529,,,
PACcoin,PAC,3.77916e-05,0.0,97085632.757,,,
Target Coin,TGT,0.0185784,266.203,17694623.5055,,,
NVO,NVST,1.07224,330.51,16083600.0,,,
BitDice,CSNO,0.228978,75.5627,16028460.0,,,
Starbase,STAR,0.0690738,327.083,12951337.5,,,
Prospectors Gold,PGL,0.183618,100.319,11843361.0,,,
Ecobit,ECOB,0.026496,78.1632,11775999.9988,,,
Credo,CREDO,0.020717,219.534,11392106.4088,,,
AsiaCoin,AC,0.00556089,159.136,7527257.80841,,,
Xenon,XNN,0.0240157,317.373,7204710.0,,,
Virtacoin,VTA,0.00131318,0.0131318,6830256.41447,,,
EncryptoTel [...,ETT,0.103047,211.909,6402432.69471,,,
Starta,STA,1.13552,338.686,5904723.30384,,,
LuckChain,BASH,0.00771119,289.579,5520196.46722,,,
BitBoost,BBT,0.387082,191.43,5012699.7411,,,
Goodomy,GOOD,0.00853729,58.278,3904529.5815,,,
Bowhead,AHT,0.467333,10.4356,3738664.0,,,
Darcrus,DAR,0.24781,96.5952,3370312.16763,,,
YashCoin,YASH,0.327111,3.27111,3271209.92852,,,
FIMKrypto,FIMK,0.0055388,0.0,3195913.17818,,,
NuShares,NSR,0.00109037,398.987,3028612.53632,,,
Version,V,0.00483849,231.495,2340661.49585,,,
LeafCoin,LEAF,0.000109037,120.738,2298532.31673,,,
AurumCoin,AU,7.07352,455.069,2106254.68164,,,
ICO OpenLedger,ICOO,4.21201,25.9832,1962592.74228,,,
ShadowCash,SDC,0.288948,4.08889,1934545.36497,,,
FlutterCoin,FLT,0.00425245,356.91,1855984.8268,,,
NEVERDIE,NDC,0.0431711,267.567,1770196.41862,,,
Commodity Ad ...,CDX,0.0542357,137.718,1765372.035,,,
Universe,UNI,0.105198,128.532,1755487.34598,,,
Etheriya,RIYA,1.09824,367.9,1736900.60544,,,
Datacoin,DTC,0.0556089,139.871,1681736.76058,,,
MaxCoin,MAX,0.026496,309.932,1628068.04928,,,
InPay,INPAY,0.160612,317.647,1606120.0,,,
Shorty,SHORTY,0.0153742,23.3729,1537420.00201,,,
Woodcoin,LOG,0.190161,19.2275,1527980.34627,,,
BitTokens,BXT,2.59962,315.223,1506248.42382,,,
Bitpark Coin,BPC,0.0192954,383.784,1447155.0,,,
Fantomcoin,FCN,0.196267,418.274,1371136.68563,,,
MetalCoin,METAL,0.017664,25.9545,1358812.51702,,,
I0Coin,I0C,0.0633505,183.455,1329667.02286,,,
BritCoin,BRIT,0.0604304,416.792,1285239.31603,,,
iTicoin,ITI,38.0502,359.641,1217606.4,,,
Ultimate Secu...,USC,0.117542,2.39325,1215750.18888,,,
HitCoin,HTC,0.000109037,202.186,1199005.53656,,,
Bitstar,BITS,0.0504842,163.517,1165162.04481,,,
Rustbits,RUSTBITS,0.0307377,0.0,1085067.43932,,,
Aricoin,ARI,0.00457956,98.5013,1064438.48811,,,
Trollcoin,TROLL,0.00183949,220.949,1048691.97423,,,
Monster Byte,MBI,0.0615771,1.84652,1035895.29695,,,
SmartCoin,SMC,0.0426186,360.712,1023757.69709,,,
Grimcoin,GRIM,0.0127686,106.878,985116.170928,,,
UniCoin,UNIC,0.327874,81.279,980030.426171,,,
HoboNickels,HBN,0.01472,92.8087,944308.6816,,,
Opal,OPAL,0.0584329,307.608,885010.629008,,,
Halcyon,HAL,0.154069,123.909,860552.826265,,,
BTCtalkcoin,TALK,0.0122122,51.3703,797342.289489,,,
GAIA,GAIA,0.0327111,100.101,788382.698707,,,
Link Platform,LNK,47.7206,393.863,783346.056356,,,
BlazeCoin,BLZ,0.00119941,372.748,729909.823338,,,
Bitz,BITZ,0.359713,1.1993,716149.306371,,,
PayCoin,XPY,0.0594637,292.413,705739.221512,,,
Signatum,SIGT,0.00643319,341.948,694609.316291,,,
Valorbit,VAL,0.000107761,0.0,658263.819476,,,
SecureCoin,SRC,0.0770994,350.719,655037.346638,,,
CryptoInsight,TKR,0.0518053,223.022,649107.299573,,,
Bitcurrency,BTCR,0.0038163,18.7658,647239.198781,,,
Tigercoin,TGC,0.01472,209.258,640861.695349,,,
SwagBucks,BUCKS,1.75337,102.086,640416.635448,,,
Gapcoin,GAP,0.0505932,416.874,638606.101015,,,
DROXNE,DRXNE,0.00937719,321.323,637886.336592,,,
Tattoocoin (S...,TSE,0.00700792,0.0,633669.134783,,,
Flycoin,FLY,2.97061,4.85062,626221.086594,,,
SACoin,SAC,0.0872297,24.4416,612125.238891,,,
WayGuide,WAY,0.005888,0.00392533,589039.691247,,,
BigUp,BIGUP,0.000271653,88.3184,580677.979321,,,
BlockPay,BLOCKPAY,0.106577,39.2268,578531.9291,,,
Sterlingcoin,SLG,0.135169,459.997,571223.092291,,,
Truckcoin,TRK,0.00327111,24.8295,566149.027371,,,
GoldReserve,XGR,0.0317298,37.1451,544844.518487,,,
Colossuscoin V2,CV2,0.000218074,219.287,514397.096566,,,
Prototanium,PR,2.60599,19.8596,511973.179621,,,
Swing,SWING,0.167699,267.273,511514.598593,,,
iCoin,ICN,0.0173369,207.198,510637.58522,,,
Bankcoin,B@,0.0487278,140.989,501495.858881,,,
ChanCoin,CHAN,0.0626935,392.605,466249.341873,,,
GlobalCoin,GLC,0.00708741,6.78778,461893.667807,,,
Joincoin,J,0.148399,18.5883,454407.309736,,,
Marscoin,MARS,0.0160284,422.286,453268.309702,,,
ChessCoin,CHESS,0.00829242,159.226,448062.411427,,,
Cashcoin,CASH,0.00905008,498.59,431470.756593,,,
Cypher,CYP,0.0642228,22.9363,408796.404633,,,
TagCoin,TAG,0.0627077,472.718,396588.046093,,,
Mincoin,MNC,0.090863,279.766,387615.459998,,,
PX,PX,0.00392533,8.60444,386021.574245,,,
Dashcoin,DSH,0.0218946,139.155,384796.946564,,,
RevolverCoin,XRE,0.0164646,77.9458,371569.373616,,,
Evil Coin,EVIL,0.0175861,171.973,369666.55371,,,
Rubies,RBIES,0.0353565,7.37474,368246.853524,,,
Ccore,CCO,0.306552,48.7093,367862.093448,,,
Ratecoin,XRA,0.00302014,185.133,366561.49548,,,
Prime-XI,PXI,0.018937,238.797,364708.818254,,,
Emerald Crypto,EMD,0.0189725,14.7662,362699.737035,,,
Freicoin,FRC,0.0115579,226.249,350331.224794,,,
GameUnits,UNITS,0.100154,240.692,347833.090517,,,
BumbaCoin,BUMBA,0.0151562,370.793,344206.845333,,,
SproutsExtreme,SPEX,0.000109037,5.45185,312566.291338,,,
Catcoin,CAT,0.0495028,24.1187,312342.865691,,,
VoteCoin,VOT,0.0185005,193.57,304788.799813,,,
Xios,XIOS,0.13767,469.27,295947.597897,,,
Independent M...,IMS,0.0550087,36.2091,295338.057574,,,
Jin Coin,JIN,0.02944,90.4632,293237.818061,,,
Crypto,CTO,0.0218074,451.181,289178.992199,,,
SoonCoin,SOON,0.0230068,393.173,286725.005816,,,
AmberCoin,AMBER,0.00654222,49.2748,285891.617323,,,
Dollarcoin,DLC,0.0300942,122.501,274059.27479,,,
Dix Asset,DIX,2.6913e-06,331.401,269130.0,,,
Nekonium,NUKO,0.0283496,71.6603,254820.998472,,,
Polcoin,PLC,0.00327111,365.937,253164.594322,,,
Quatloo,QTL,0.032384,253.1,249968.302085,,,
IslaCoin,ISL,0.163665,31.3425,247740.398205,,,
Franko,FRK,0.261144,101.92,243064.217448,,,
Veltor,VLT,0.437348,180.545,242664.72454,,,
Darsek,KED,0.0137387,50.9149,242118.499476,,,
SecretCoin,SCRT,0.0556279,0.0,235232.130875,,,
Remicoin,RMC,0.124465,254.882,233337.764589,,,
Zurcoin,ZUR,0.00250785,179.603,219820.661318,,,
ICOBID,ICOB,0.00204213,130.92,218606.861657,,,
SatoshiMadness,MAD,0.000109037,25.606,218148.52516,,,
Firecoin,FIRE,2.18587,1.1993,215115.698371,,,
Evotion,EVO,0.0661316,60.2116,215047.49595,,,
Impact,IMX,0.00196267,268.435,215015.495071,,,
Acoin,ACOIN,0.175153,36.7936,213701.540413,,,
Bitcoin Planet,BTPL,0.0335834,482.333,212351.141475,,,
Shadow Token,SHDW,0.0302461,101.065,211722.7,,,
EcoCoin,ECO,0.182614,319.027,210998.768171,,,
RonPaulCoin,RPC,0.22745,293.955,207467.81734,,,
Yacoin,YAC,0.00169887,0.0,205747.211752,,,
Enigma,XNG,0.318606,342.863,202408.205067,,,
Asiadigicoin,ADCN,0.00795971,172.623,198443.959834,,,
Trident Group,TRDT,0.228978,325.648,193091.193972,,,
TajCoin,TAJ,0.0224616,397.346,191687.675961,,,
Luna Coin,LUNA,0.107195,389.489,182920.709723,,,
Bitcoin 21,XBTC21,0.218074,166.532,172956.12519,,,
Cannation,CNNC,0.0671859,340.397,166412.266545,,,
Creatio,XCRE,0.00805133,49.1529,165217.429984,,,
GuccioneCoin,GCC,0.00806874,6.29765,163678.723813,,,
Speedcash,SCS,0.522942,263.014,162553.383048,,,
Cthulhu Offer...,OFF,0.0611698,56.2244,160456.156797,,,
CompuCoin,CPN,0.00817778,92.8343,160407.312605,,,
Allion,ALL,0.0253006,400.098,156847.510913,,,
Ripto Bux,RBX,0.00040684,6.84975,155102.104281,,,
HempCoin,HMP,0.000109037,277.791,147924.552112,,,
FuzzBalls,FUZZ,0.0301834,494.841,145784.161913,,,
Bitcedi,BXC,0.0249695,412.659,143733.703319,,,
SOILcoin,SOIL,0.0249695,394.954,142377.287536,,,
Bolenum,BLN,0.0141226,80.1216,141226.0,,,
Sojourn,SOJ,0.288839,0.545185,140148.726546,,,
AntiBitcoin,ANTI,0.00795971,1.12232,139017.59907,,,
bitEUR,BITEUR,1.27918,240.836,137775.36108,,,
Neuro,NRO,0.00283496,230.073,135281.364302,,,
Flaxscript,FLAX,0.0240972,88.9977,135036.210907,,,
BitQuark,BTQ,0.0136296,51.2826,131140.854925,,,
ZetaMicron,ZMC,0.000218074,198.533,130919.481014,,,
BenjiRolls,BENJI,0.00626223,209.822,126973.596358,,,
BnrtxCoin,BNX,0.00436148,55.4587,124947.683408,,,
Elacoin,ELC,0.304104,13.3631,124005.780961,,,
Slevin,SLEVIN,0.00174459,103.206,122121.300043,,,
Californium,CF,0.0474311,7.8426,115285.023749,,,
JavaScript Token,JS,0.0141748,22.4737,113284.944901,,,
Artex Coin,ATX,0.00597175,281.263,112159.914872,,,
Coinonat,CXT,0.0129656,247.109,111804.96192,,,
Digital Rupees,DRS,0.000218074,231.1,111392.844904,,,
Solarflarecoin,SFC,0.00782299,460.526,110174.688516,,,
BitAsean,BAS,0.0215856,108.439,107928.0,,,
Litecred,LTCR,0.00348919,15.8279,105470.363112,,,
Metal Music Coin,MTLMC3,0.00130844,10.5316,104307.712148,,,
Gold Pressed ...,GPL,0.392533,388.308,100695.243447,,,
VectorAI,VEC2,0.005888,6.59783,99962.036211,,,
WARP,WARP,0.086014,0.0,94204.597136,,,
BillaryCoin,BLRY,0.0102495,8.79319,92176.043317,,,
DAPPSTER,DLISK,0.000885616,0.0,88561.6,,,
Useless Ether...,UET,0.0207221,305.957,82177.9655534,,,
MiloCoin,MILO,0.00752356,72.9489,81178.8641649,,,
MindCoin,MND,0.00501571,1.22874,79587.7564884,,,
CryptoEscudo,CESC,0.000545185,71.5272,78563.9389435,,,
EGO,EGO,0.00130844,417.975,78506.4007347,,,
Ride My Car,RIDE,0.00076326,4.23511,77300.6644366,,,
Dreamcoin,DRM,0.0313043,0.0,77066.114019,,,
Braincoin,BRAIN,0.0076326,49.6388,77046.7028146,,,
Shilling,SH,0.0128664,14.0727,76587.246,,,
Wild Beast Block,WBB,0.416413,119.169,75753.5379841,,,
Pulse,PULSE,0.00523378,1.81427,74837.671162,,,
Jewels,JWL,0.00370726,196.448,74818.5713847,,,
Uro,URO,0.0616059,96.9935,74377.4437714,,,
VIP Tokens,VIP,0.000872297,10.9457,72793.5358634,,,
ARbit,ARB,0.00861393,2.39936,70662.8242476,,,
Zayedcoin,ZYD,0.0111218,147.7,69442.7397182,,,
Blackstar,BSTAR,0.000109037,4.16554,68780.100293,,,
PosEx,PEX,0.0274773,25.49,67408.4152629,,,
G3N,G3N,0.00872297,43.3843,65962.1483363,,,
ImpulseCoin,IMPS,0.00316208,24.6883,64017.922345,,,
KingN Coin,KNC,31.6208,234.183,63527.3572234,,,
Unrealcoin,URC,0.008832,60.3236,62039.518464,,,
OsmiumCoin,OS76,0.0686934,119.307,61413.6856284,,,
PlayerCoin,PLACO,0.00174459,47.3945,61270.0008079,,,
Orlycoin,ORLY,0.00166614,0.0,61058.6642422,,,
PIECoin,PIE,0.00545185,43.3926,60208.845406,,,
Cabbage,CAB,0.00566993,4.93284,59534.24181,,,
AnarchistsPrime,ACP,0.0132507,249.719,58235.1542752,,,
PonziCoin,PONZI,0.0661855,16.504,56992.2679836,,,
ExchangeN,EXN,0.0109037,123.43,55608.87,,,
TAGRcoin,TAGR,0.00142008,0.0,54913.973563,,,
Steps,STEPS,0.00283496,2.62103,52801.1782163,,,
Destiny,DES,0.032997,0.0,52795.200815,,,
PLNcoin,PLNC,0.00305304,75.5867,52175.232384,,,
CryptoWorldX ...,CWXT,0.000872297,1.74459,52015.2445694,,,
GeertCoin,GEERT,0.0097043,71.4125,49406.5284238,,,
RSGPcoin,RSGP,27.2671,468.585,47176.5166872,,,
BowsCoin,BSC,0.00839585,25.5082,46597.8273733,,,
JobsCoin,JOBS,0.000436148,1.09866,46240.0924411,,,
Zonecoin,ZNE,0.0178821,2.89711,46171.0525975,,,
Xonecoin,XOC,0.108999,0.0,45779.58,,,
BOAT,BOAT,0.00239882,360.497,44492.9417828,,,
LetItRide,LIR,0.00119941,75.6545,44069.6683931,,,
Tychocoin,TYCHO,0.00872297,7.79266,43827.411333,,,
SydPak,SDP,0.273138,219.402,43795.8201864,,,
Credence Coin,CRDNC,0.0126337,53.7942,43295.7679246,,,
Torcoin,TOR,0.131281,48.1455,41508.2296593,,,
CRTCoin,CRT,0.523378,21.82,41488.3327597,,,
Bitvolt,VOLT,0.00250785,486.744,41459.554721,,,
CoExistCoin,COXST,0.00139853,5.59412,37900.163,,,
iBank,IBANK,0.00828682,35.2509,37508.8322497,,,
Dollar Online,DOLLAR,0.0484125,21.2792,36492.1828494,,,
AgrolifeCoin,AGLC,0.00414341,105.226,35655.7505074,,,
High Voltage,HVCO,0.0225707,200.067,33724.4790793,,,
BioBar,BIOB,0.0343467,347.86,30422.8050162,,,
SocialCoin,SOCC,0.0192996,301.956,26727.6036989,,,
P7Coin,P7C,0.000654222,1.1993,23041.8545448,,,
Coimatic 3.0,CTIC3,0.00971351,284.131,21947.7938836,,,
Antilitecoin,ALTC,0.000545185,76.9564,17180.2040589,,,
NodeCoin,NODC,0.00937719,34.4095,15739.0417545,,,
Ulatech,ULA,0.0660765,103.999,14086.6240445,,,
Coimatic 2.0,CTIC2,0.000981334,485.102,13280.1476885,,,
GeyserCoin,GSR,0.260271,150.288,12197.3141169,,,
Selfiecoin,SLFI,0.000109037,1.19941,11757.381283,,,
Magnum,MGM,0.00275802,0.0,11349.6973417,,,
LevoPlus,LVPS,0.00338015,160.788,6937.23512781,,,
PizzaCoin,PIZZA,0.00327111,1.09888,4507.31868093,,,
Digital Credits,DGCS,0.000545185,407.651,3176.45934715,,,
CCMiner,CCM100,0.000801619,7.85346,2693.77411512,,,
Ebittree Coin,EBT,0.00130844,44.9831,1654.53638934,,,
Huobi Token,HT,2.16646,144288000.0,?,,,
Nucleus Vision,NCASH,0.0368386,120792000.0,?,,,
ATMCoin,ATMC,6.05295,97703300.0,?,,,
Elastos,ELA,77.2067,95769700.0,?,,,
Arcblock,ABT,1.29178,51482300.0,?,,,
True Chain,TRUE,0.935706,29078700.0,?,,,
POA Network,POA,0.514238,26636300.0,?,,,
EDUCare,EKT,0.160391,13990600.0,?,,,
Ruff,RUFF,0.113705,13101900.0,?,,,
AI Doctor,AIDOC,0.0727865,8012940.0,?,,,
OceanChain,OC,0.0132863,7030680.0,?,,,
LinkEye,LET,0.0642868,6925300.0,?,,,
IHT Real Esta...,IHT,0.112202,6025000.0,?,,,
Bitcoin Diamond,BCD,6.15336,5861270.0,?,,,
TopChain,TOPC,0.0403902,5504630.0,?,,,
Lightning Bit...,LBTC,385.423,4914940.0,?,,,
Acute Angle C...,AAC,0.197471,4912230.0,?,,,
Genaro Network,GNX,0.351758,4758370.0,?,,,
Animation Vis...,AVH,0.0205498,4522850.0,?,,,
Bankex,BKX,0.913293,4322670.0,?,,,
Nework,NKC,0.0621243,3437340.0,?,,,
MktCoin,MLM,0.129867,3312290.0,?,,,
ChatCoin,CHAT,0.192245,3275670.0,?,,,
AWARE,AWR,0.0297987,3270470.0,?,,,
Experty,EXY,0.513963,3246930.0,?,,,
SmartMesh,SMT,0.0502649,3061980.0,?,,,
WaykiChain,WIC,0.453522,3035250.0,?,,,
Hyper Pay,HPY,0.0479928,3020740.0,?,,,
RealChain,RCT,0.0747492,2645020.0,?,,,
OFCOIN,OF,0.0027697,2564080.0,?,,,
HalalChain,HLC,0.283389,2288970.0,?,,,
Refereum,RFR,0.0259027,2284150.0,?,,,
Matryx,MTX,0.607958,2083780.0,?,,,
Fargocoin,FRGC,8.80235,2001200.0,?,,,
Rock,RKT,0.167074,1963370.0,?,,,
CFun,CFUN,0.0236935,1933530.0,?,,,
Pundi X,PXS,1.50164,1754900.0,?,,,
Show,SHOW,0.0030325,1737570.0,?,,,
W3Coin,W3C,0.000989171,1695820.0,?,,,
THEKEY,TKY,0.0255999,1575930.0,?,,,
LightChain,LIGHT,0.00287773,1446580.0,?,,,
Electronic PK...,EPC,0.110338,1233730.0,?,,,
Yee,YEE,0.0198987,959881.0,?,,,
BitcoinX,BCX,0.00588088,912511.0,?,,,
BOScoin,BOS,0.264862,886379.0,?,,,
FairGame,FAIR,0.0332495,883636.0,?,,,
Gems,GEM,0.0331394,830838.0,?,,,
Super Bitcoin,SBTC,19.3386,829558.0,?,,,
UG Token,UGT,0.820251,765394.0,?,,,
StarChain,STC,0.0697597,758569.0,?,,,
Fusion,FSN,3.28046,704907.0,?,,,
United Bitcoin,UBTC,53.7534,689236.0,?,,,
Hi Mutual Soc...,HMC,0.0743125,644526.0,?,,,
RefToken,REF,22.0423,634166.0,?,,,
ShareX,SEXC,0.0207221,617505.0,?,,,
Scry.info,DDD,0.276405,593015.0,?,,,
Kcash,KCASH,0.156361,580706.0,?,,,
Matrix AI Net...,MAN,0.820366,573455.0,?,,,
Tezos (Pre-La...,XTZ,4.3304,544855.0,?,,,
ClubCoin,CLUB,1.31094,541282.0,?,,,
ValueChain,VLC,0.0802983,539316.0,?,,,
SelfSell,SSC,0.0820784,538342.0,?,,,
Content and A...,CAN,0.0342498,489437.0,?,,,
Universa,UTNP,0.0392601,475877.0,?,,,
Republic Prot...,REN,0.0770502,448266.0,?,,,
PressOne,PRS,0.346099,441650.0,?,,,
Read,READ,0.0378578,406921.0,?,,,
Remme,REM,0.0269135,402688.0,?,,,
Restart Energ...,MWAT,0.0629838,380438.0,?,,,
InfChain,INF,0.0101067,377854.0,?,,,
iQuant,IQT,0.125336,359928.0,?,,,
Mobius,MOBI,0.142393,350961.0,?,,,
BitSoar,BSR,0.179584,344699.0,?,,,
UnlimitedIP,UIP,0.0536973,316203.0,?,,,
Envion,EVN,0.794765,305752.0,?,,,
MergeCoin,MGC,0.167263,299397.0,?,,,
ATN,ATN,1.13127,281886.0,?,,,
Molecular Future,MOF,0.389664,280373.0,?,,,
Litecoin Cash,LCC,0.851536,270294.0,?,,,
Titanium Bloc...,BAR,0.0372338,254779.0,?,,,
Ink Protocol,XNK,0.0916974,241214.0,?,,,
Filecoin [Fut...,FIL,17.8526,231310.0,?,,,
InvestDigital,IDT,0.0658657,227379.0,?,,,
Lympo,LYM,0.0199451,222541.0,?,,,
Bezop,BEZ,0.234315,209153.0,?,,,
MOAC,MOAC,13.3986,205531.0,?,,,
Infinity Econ...,XIN,0.0210442,198601.0,?,,,
SpaceChain,SPC,0.168386,193181.0,?,,,
Tidex Token,TDX,0.734321,192307.0,?,,,
COMSA [ETH],CMS,1.02016,189298.0,?,,,
GeoCoin,GEO,2.31475,172548.0,?,,,
DMarket,DMT,0.660711,162212.0,?,,,
WETH,WETH,851.995,157468.0,?,,,
Mixin,XIN,593.384,150656.0,?,,,
Qube,QUBE,0.0575844,150498.0,?,,,
ENTCash,ENT,0.0545418,148420.0,?,,,
Bitcoin White,BTW,0.168067,141575.0,?,,,
Alphacat,ACAT,0.0137636,140567.0,?,,,
DRP Utility,DRPU,1.12413,128949.0,?,,,
ugChain,UGC,0.0754014,124626.0,?,,,
BigONE Token,BIG,2.82401,121319.0,?,,,
Infinitecoin,IFC,0.00017555,112771.0,?,,,
Fortuna,FOTA,0.0639252,112667.0,?,,,
Etherecash,ECH,0.859329,111309.0,?,,,
Crypterium,CRPT,0.607633,105324.0,?,,,
StrikeBitClub,SBC,0.00697837,103996.0,?,,,
IPChain,IPC,0.834244,102563.0,?,,,
SegWit2x,B2X,3.31255,101488.0,?,,,
TimesCoin,TMC,1.07947,98416.7,?,,,
BlockCDN,BCDN,0.0911568,97559.1,?,,,
Jingtum Tech,SWTC,0.0103066,93683.5,?,,,
Cashaa,CAS,0.0817447,92346.6,?,,,
EA Coin,EAG,0.391225,89781.5,?,,,
COMSA [XEM],CMS,1.00931,89739.0,?,,,
TokenClub,TCT,0.0283622,88712.0,?,,,
Sphre AIR,XID,0.211184,83973.1,?,,,
Neurotoken,NTK,0.326223,83132.4,?,,,
Crave,CRAVE,0.298092,70479.9,?,,,
Numus,NMS,3.16927,64904.6,?,,,
Aidos Kuneen,ADK,61.6059,59778.9,?,,,
WINCOIN,WC,1.03585,59479.3,?,,,
Maverick Chain,MVC,0.0935236,58557.8,?,,,
ZenGold,ZENGOLD,0.0471195,57429.2,?,,,
Maggie,MAG,0.0267797,53796.9,?,,,
CryptopiaFeeS...,CEFS,1680.8,52574.3,?,,,
StrongHands,SHND,7.68448e-07,52231.9,?,,,
Bitair,BTCA,0.0033771,51032.7,?,,,
Sether,SETH,0.864286,49325.4,?,,,
MSD,MSD,0.019734,48809.1,?,,,
Tokenbox,TBX,0.565992,46392.8,?,,,
EtherSportz,ESZ,0.251281,42210.6,?,,,
FidentiaX,FDX,0.182093,41396.5,?,,,
GameChain System,GCS,0.019527,39537.0,?,,,
Candy,CANDY,0.000431711,39505.1,?,,,
LePen,LEPEN,0.000436148,32149.1,?,,,
Tokugawa,TOK,0.899556,29521.9,?,,,
Dether,DTH,0.100002,29309.6,?,,,
Gladius Token,GLA,1.0498,26043.6,?,,,
IDEX Membership,IDXM,4336.11,24806.2,?,,,
BT2 [CST],BT2,77.4334,23345.0,?,,,
CasinoCoin,CSC,0.00163556,22624.9,?,,,
Animecoin,ANI,0.00447052,22058.2,?,,,
Zap,ZAP,0.28457,21866.7,?,,,
International...,XID,0.00599704,21350.9,?,,,
Golos Gold,GBG,0.114448,21101.2,?,,,
Datawallet,DXT,0.0837002,19371.6,?,,,
GOLD Reward T...,GRX,0.0569417,17715.8,?,,,
Shekel,JEW,0.0324799,17133.5,?,,,
Swisscoin,SIC,0.00152652,17032.4,?,,,
BioCoin,BIO,0.014866,15990.1,?,,,
Vezt,VZT,0.160476,15586.6,?,,,
Copytrack,CPY,0.247937,15129.0,?,,,
DIMCOIN,DIM,0.00641835,13847.2,?,,,
Sand Coin,SND,1.93846,13532.6,?,,,
Superior Coin,SUP,0.00545185,13199.4,?,,,
SwapToken,TOKEN,1.6e-06,12525.1,?,,,
MUSE,MUSE,1.91034,11893.4,?,,,
B3Coin,KB3,0.0140791,11793.7,?,,,
Kzcash,KZC,3.32523,11128.5,?,,,
Sense,SENSE,0.0464909,9683.89,?,,,
ACChain,ACC,0.947175,9025.83,?,,,
Harvest Maste...,HC,0.392533,6544.42,?,,,
VPNCoin,VASH,0.00457956,6404.79,?,,,
DavorCoin,DAV,0.0362003,6009.16,?,,,
Sparks,SPK,0.306744,5560.14,?,,,
WA Space,WA,0.0141748,5139.3,?,,,
United Trader...,UTT,0.805608,5014.14,?,,,
PeepCoin,PCN,1.36839e-05,4770.87,?,,,
Escroco,ESC,0.293419,4668.92,?,,,
TerraNova,TER,23.5744,4384.97,?,,,
SHACoin,SHA,0.0038163,4375.15,?,,,
TechShares,THS,0.409558,4096.94,?,,,
Donationcoin,DON,0.00152652,4039.29,?,,,
Phantomx,PNX,0.0330756,3961.43,?,,,
Vulcano,VULC,0.00466223,3896.26,?,,,
President Trump,PRES,0.0324757,3884.25,?,,,
Natcoin,NTC,0.0384198,3883.57,?,,,
DynamicCoin,DMC,0.00304859,3838.66,?,,,
Tigereum,TIG,0.114212,3751.14,?,,,
Pabyosi Coin ...,PCS,0.1641,3721.47,?,,,
OX Fina,OX,0.000671173,3553.1,?,,,
Galactrum,ORE,0.763805,3443.48,?,,,
Storjcoin X,SJCX,1.01337,3331.14,?,,,
Bitcoin God,GOD,37.9437,3275.62,?,,,
Macro,MCR,0.355431,3169.47,?,,,
SJWCoin,SJW,0.00141748,2990.21,?,,,
UR,UR,0.00218074,2980.47,?,,,
Minex,MINEX,0.0199613,2420.45,?,,,
SIGMAcoin,SIGMA,0.0431711,2367.09,?,,,
Cashme,CME,0.00076326,2171.91,?,,,
EDRCoin,EDRC,0.123411,2135.95,?,,,
HODL Bucks,HDLB,0.109037,2074.14,?,,,
Cloud,CLD,0.0958185,2037.63,?,,,
President Joh...,GARY,0.213167,1968.55,?,,,
Alphabit,ABC,83.3303,1940.3,?,,,
Bitcoin Atom,BCA,16.364,1876.98,?,,,
CORION,COR,0.58095,1872.13,?,,,
First Bitcoin...,BITCF,0.305304,1826.31,?,,,
Ethereum Lite,ELITE,0.361785,1577.36,?,,,
Internet of T...,XOT,1123.36,1539.62,?,,,
Wi Coin,WIC,0.00285589,1521.67,?,,,
Royalties,XRY,0.000218074,1516.17,?,,,
PlexCoin,PLX,0.0291178,1478.73,?,,,
Fonziecoin,FONZ,0.00174459,1472.59,?,,,
Antimatter,ANTX,0.000218074,1441.1,?,,,
SISA,SISA,0.0111599,1432.97,?,,,
LinkedCoin,LKC,0.000436148,1430.28,?,,,
Fazzcoin,FAZZ,0.0177591,1367.85,?,,,
Cubits,QBT,0.00556089,1365.33,?,,,
CoffeeCoin,CFC,0.00327111,1294.17,?,,,
Sharkcoin,SAK,0.00501995,1250.47,?,,,
TeslaCoilCoin,TESLA,1.43918,1177.6,?,,,
HTML5COIN,HTML5,0.000436148,1175.39,?,,,
BitSerial,BTE,0.0317377,1168.12,?,,,
GrandCoin,GDC,0.000436148,1163.59,?,,,
Monero Gold,XMRG,0.000218074,1128.53,?,,,
T-coin,TCOIN,0.000218074,1086.27,?,,,
Tellurion,TELL,0.0010114,1055.69,?,,,
NEO GOLD,NEOG,0.0055792,885.048,?,,,
Psilocybin,PSY,0.0452504,857.514,?,,,
Zilbercoin,ZBC,0.030313,824.005,?,,,
Jiyo,JIYO,0.0459046,800.456,?,,,
Akuya Coin,AKY,0.0097043,775.756,?,,,
Cyder,CYDER,0.00534282,751.902,?,,,
High Gain,HIGH,0.000327111,698.38,?,,,
BestChain,BEST,0.00872297,697.924,?,,,
BTCMoon,BTCM,0.00879369,690.287,?,,,
Safe Trade Coin,XSTC,0.00076326,671.036,?,,,
Protean,PRN,5.26054e-05,647.397,?,,,
DeusCoin,DEUS,0.17664,639.686,?,,,
RabbitCoin,RBBT,6.8229e-05,636.696,?,,,
ZSEcoin,ZSE,0.0306007,609.911,?,,,
Peerguess,GUESS,0.0356551,598.113,?,,,
Indicoin,INDI,0.0261689,576.915,?,,,
UniversalRoya...,UNRC,0.000668008,553.427,?,,,
TurboCoin,TURBO,0.000109037,537.312,?,,,
Slothcoin,SLOTH,2.67145e-05,532.746,?,,,
FlappyCoin,FLAP,4.53474e-05,522.461,?,,,
NamoCoin,NAMO,0.000218074,501.406,?,,,
Wowcoin,WOW,4.18988e-05,492.122,?,,,
BlazerCoin,BLAZR,0.00357879,467.784,?,,,
BatCoin,BAT,0.000109037,466.9,?,,,
eGold,EGOLD,0.0182092,463.577,?,,,
GAY Money,GAY,0.0372907,457.159,?,,,
Francs,FRN,0.0671751,413.343,?,,,
ShellCoin,SHELL,0.0468859,411.928,?,,,
AvatarCoin,AV,0.0948623,382.786,?,,,
Quotient,XQN,0.00643319,381.033,?,,,
Xaucoin,XAU,0.0725097,375.852,?,,,
The Vegan Ini...,XVE,0.000872297,357.967,?,,,
Omicron,OMC,0.294291,356.162,?,,,
MarxCoin,MARX,0.00247438,344.489,?,,,
Wink,WINK,0.00109463,344.434,?,,,
India Coin,INDIA,0.000872297,336.702,?,,,
Levocoin,LEVO,0.00348919,285.48,?,,,
Golfcoin,GOLF,0.000327111,269.031,?,,,
Avoncoin,ACN,0.00109037,265.247,?,,,
KlondikeCoin,KDC,0.023661,263.303,?,,,
PinkDog,PDG,0.000109037,260.507,?,,,
Bubble,BUB,0.0105766,232.141,?,,,
SafeCoin,SFE,0.000218074,230.91,?,,,
IrishCoin,IRL,0.0119941,214.611,?,,,
BetaCoin,BET,0.00468859,208.563,?,,,
Aces,ACES,0.000602983,196.63,?,,,
XTD Coin,XTD,0.000109037,195.466,?,,,
TopCoin,TOP,0.00239882,189.908,?,,,
NumusCash,NUMUS,0.000218074,182.237,?,,,
Sakuracoin,SKR,0.00545185,171.004,?,,,
Nitro,NOX,0.172625,159.163,?,,,
netBit,NBIT,0.0127573,156.54,?,,,
Musiconomi,MCI,0.0963888,140.967,?,,,
Halloween Coin,HALLO,0.000330251,136.093,?,,,
X2,X2,0.000218074,132.924,?,,,
First Bitcoin,BIT,0.0273683,127.252,?,,,
Opescoin,OPES,0.00457956,126.928,?,,,
Digital Bulli...,DBG,0.00174459,122.38,?,,,
Dashs,DASHS,0.0459046,114.228,?,,,
PokeCoin,POKE,0.000218074,112.177,?,,,
Hyper,HYPER,0.0425245,110.875,?,,,
WeAreSatoshi,WSX,0.00872297,110.137,?,,,
AlpaCoin,APC,0.00684668,105.891,?,,,
FireFlyCoin,FFC,0.000327111,105.609,?,,,
Granite,GRN,0.0130844,99.623,?,,,
Huncoin,HNC,0.00141748,99.2237,?,,,
Qora,QORA,0.306286,98.9296,?,,,
STEX,STEX,1.40626,98.7583,?,,,
Tattoocoin (L...,TLE,0.955819,95.5767,?,,,
EncryptoTel [...,ETT,0.0933154,92.4919,?,,,
PayPeer,PAYP,0.000109037,91.767,?,,,
Bastonet,BSN,0.00130844,90.7096,?,,,
LandCoin,LDCN,0.00730548,87.8276,?,,,
ANRYZE,RYZ,0.0118861,87.7812,?,,,
Pirate Blocks,SKULL,0.00407001,87.6391,?,,,
Compcoin,CMP,11.776,85.1535,?,,,
Bitbase,BTBc,0.00174459,84.0677,?,,,
Rupaya [OLD],RUPX,0.00654222,81.0319,?,,,
RubleBit,RUBIT,0.00632415,72.9556,?,,,
RHFCoin,RHFC,0.00109037,57.4688,?,,,
EggCoin,EGG,0.0317298,54.9173,?,,,
Regacoin,REGA,0.00130844,54.7835,?,,,
SnakeEyes,SNAKE,0.0260525,53.9547,?,,,
GoldMaxCoin,GMX,0.00114323,52.0358,?,,,
UNCoin,UNC,0.000109037,46.3495,?,,,
Runners,RUNNERS,0.000545185,46.1815,?,,,
UGAIN,GAIN,0.00359822,43.9578,?,,,
Happy Creator...,HCC,0.000109037,42.5245,?,,,
SportsCoin,SPORT,0.00163556,37.0638,?,,,
Axiom,AXIOM,0.0157013,36.3904,?,,,
MobileCash,MBL,0.000436148,33.0007,?,,,
Cheapcoin,CHEAP,0.000872297,28.3028,?,,,
Dutch Coin,DUTCH,0.00119941,28.0317,?,,,
MMXVI,MMXVI,0.00501571,24.9908,?,,,
Topaz Coin,TOPAZ,0.441273,24.0218,?,,,
Lazaruscoin,LAZ,0.00163556,23.9059,?,,,
Dubstep,DUB,0.00218074,23.0861,?,,,
DarkLisk,DISK,0.00119941,20.706,?,,,
Primulon,PRIMU,0.000436148,20.3892,?,,,
RoyalCoin,ROYAL,0.00556089,17.6845,?,,,
TeamUp,TEAM,0.000327111,16.3555,?,,,
RichCoin,RICHX,0.00872297,15.6758,?,,,
MoneyCoin,MONEY,0.000109037,13.2807,?,,,
GameLeagueCoin,GML,0.0155923,13.2615,?,,,
Birds,BIRDS,0.000436148,12.4145,?,,,
FrankyWillCoin,FRWC,0.00370726,11.8849,?,,,
Smoke,SMOKE,0.0572677,10.5186,?,,,
BitAlphaCoin,BAC,0.00708741,10.1156,?,,,
Cycling Coin,CYC,0.00163556,8.06013,?,,,
TodayCoin,TODAY,0.00076326,7.77216,?,,,
Aseancoin,ASN,0.00730548,7.30548,?,,,
TheCreed,TCR,0.00076326,7.28073,?,,,
FutCoin,FUTC,0.00272593,6.96801,?,,,
Rcoin,RCN,0.000109037,6.54222,?,,,
Moneta,MONETA,0.000545185,6.27487,?,,,
FAPcoin,FAP,0.00359822,6.01983,?,,,
PrismChain,PRM,0.00196267,5.95462,?,,,
Karmacoin,KARMA,0.000109037,5.77896,?,,,
Bitok,BITOK,0.000109037,5.45185,?,,,
Voyacoin,VOYA,0.97043,2.37603,?,,,
DeltaCredits,DCRE,0.244134,1.98753,?,,,
CyberCoin,CC,0.000327111,1.19941,?,,,
TrickyCoin,TRICK,0.0124302,1.1993,?,,,
Yescoin,YES,0.000109037,1.09037,?,,,
InvisibleCoin,IVZ,0.712765,0.0,?,,,
Operand,OP,0.00131858,0.0,?,,,
LAthaan,LTH,0.00105409,0.0,?,,,
KashhCoin,KASHH,0.00010358,0.0,?,,,
BITFID,FID,0.0419597,0.0,?,,,
LLToken,LLT,?,0.0,?,,,
Magnetcoin,MAGN,0.448463,0.0,?,,,
Triaconta,TRIA,13.9926,0.0,?,,,
OCOW,OCOW,1.66381e-05,None,?,,,
Farstcoin,FRCT,?,None,?,,,
